imagen_mosaico,bathrooms,bedrooms,area,zipcode,price
1.png,1.341651431726366,0.5361373007457887,1.3785355456266897,-0.7956989148191574,869500
2.png,0.3367042620048318,0.5361373007457887,0.7987340251315477,-7.640276859558834,865200
3.png,1.341651431726366,-0.3252244286806287,1.2723747038458888,-0.7941586992556253,889000
4.png,2.346598601447901,1.397499030172206,1.353220267971268,-0.7947187776423643,910000
5.png,1.341651431726366,-0.3252244286806287,1.4299827227973851,-0.7941586992556253,971226
6.png,2.346598601447901,0.5361373007457887,1.8097118876287104,-0.7941586992556253,1249000
7.png,1.341651431726366,-0.3252244286806287,0.1462531591095499,-0.7947187776423643,799000
8.png,2.346598601447901,0.5361373007457887,2.5797863014694413,-0.7941586992556253,1698000
9.png,1.341651431726366,-0.3252244286806287,1.5222609929606965,-0.7956989148191574,1749000
10.png,2.346598601447901,0.5361373007457887,0.9677747501209764,-0.7947187776423643,1500000
11.png,2.346598601447901,1.397499030172206,2.012234108872084,-0.7941586992556253,519200
12.png,1.341651431726366,0.5361373007457887,0.8681468832189942,-0.7956989148191574,1039000
13.png,0.3367042620048318,1.397499030172206,2.529155746158598,-0.7941586992556253,799000
14.png,1.341651431726366,0.5361373007457887,1.3524036461114155,-0.7941586992556253,889000
15.png,2.346598601447901,1.397499030172206,1.6668030621545558,-0.7941586992556253,700000
16.png,1.341651431726366,0.5361373007457887,1.1074170881557217,-0.7956989148191574,500000
17.png,0.3367042620048318,1.397499030172206,1.0984342476973463,-0.7850574254711179,740000
18.png,1.341651431726366,-0.3252244286806287,0.3128440185194217,-0.7956989148191574,725000
19.png,1.341651431726366,1.397499030172206,1.4904127404264562,-0.7956989148191574,1199000
20.png,0.8391778468655989,-0.3252244286806287,1.4520315130133976,-0.7941586992556253,925000
21.png,0.8391778468655989,-0.3252244286806287,1.5222609929606965,-0.7956989148191574,1749000
22.png,3.8540193560302014,2.2588607595986234,2.9382832979446065,-0.7947187776423643,1595000
23.png,0.3367042620048318,-0.3252244286806287,0.261396841348726,-0.7956989148191574,799900
24.png,2.346598601447901,1.397499030172206,2.704729446026845,-0.7786165240236202,1375000
25.png,1.8441250165871332,0.5361373007457887,1.360569864709939,-0.7947187776423643,1345000
26.png,1.341651431726366,0.5361373007457887,2.114311841353623,-0.7947187776423643,1290000
27.png,1.8441250165871332,0.5361373007457887,0.9677747501209764,-0.7947187776423643,962500
28.png,1.8441250165871332,1.397499030172206,1.4822465218279333,-0.7941586992556253,875000
29.png,1.341651431726366,0.5361373007457887,1.71416713002599,-0.7786165240236202,1650000
30.png,1.8441250165871332,1.397499030172206,2.012234108872084,-0.7941586992556253,1199000
31.png,0.3367042620048318,1.397499030172206,0.1266542344730944,0.3512016016254693,789000
32.png,0.8391778468655989,0.5361373007457887,0.8681468832189942,-0.7956989148191574,1039000
33.png,-0.6682429077167027,-0.3252244286806287,-0.4596802609008659,0.3512016016254693,365000
34.png,0.8391778468655989,-0.3252244286806287,0.4149217510009607,-0.7947187776423643,1695000
35.png,1.341651431726366,0.5361373007457887,0.7309544107638057,-0.7786165240236202,999000
36.png,1.8441250165871332,-0.3252244286806287,1.2478760480503197,-0.7956989148191574,1294000
37.png,2.849072186308668,1.397499030172206,1.2797243005845598,-0.7947187776423643,1089000
38.png,0.8391778468655989,-0.3252244286806287,0.3487753803529234,-0.7956989148191574,799900
39.png,1.8441250165871332,-0.3252244286806287,1.5214443711008443,-0.7956989148191574,1229000
40.png,0.3367042620048318,-0.3252244286806287,-0.1787623411116704,0.3512016016254693,455000
41.png,-1.6731900774382371,0.5361373007457887,5.8944544306099775,0.991791256458111,395000
42.png,-0.6682429077167027,1.397499030172206,4.297142072738854,0.991791256458111,638940
43.png,-0.6682429077167027,-0.3252244286806287,-0.1730459880927042,0.991791256458111,435000
44.png,-0.1657693228559354,-0.3252244286806287,-0.2865564266121757,0.991791256458111,528800
45.png,-0.6682429077167027,0.5361373007457887,-0.3567859065594745,-1.3181120300498863,350000
46.png,0.3367042620048318,-0.3252244286806287,-0.1885618034298982,-1.3181120300498863,425000
47.png,0.3367042620048318,0.5361373007457887,0.1135882847154574,-1.3181120300498863,500000
48.png,0.3367042620048318,-0.3252244286806287,0.0792901666016603,-1.3181120300498863,589900
49.png,0.3367042620048318,0.5361373007457887,1.2568588885086949,-1.332954107298468,419000
50.png,-0.6682429077167027,-0.3252244286806287,-0.2702239894151294,-1.332954107298468,415000
51.png,-0.6682429077167027,-0.3252244286806287,-0.629537607750147,-1.3185320888399408,214900
52.png,-0.6682429077167027,0.5361373007457887,0.483517987228555,-1.3181120300498863,699900
53.png,0.3367042620048318,-0.3252244286806287,-0.3845510497944532,-1.3181120300498863,449000
54.png,-0.6682429077167027,0.5361373007457887,-0.193461534589012,-1.3181120300498863,249900
55.png,0.3367042620048318,1.397499030172206,0.7366707637827719,-1.3181120300498863,595999
56.png,0.3367042620048318,-0.3252244286806287,0.3847067421864252,-1.3181120300498863,535000
57.png,0.3367042620048318,0.5361373007457887,-0.1558969290358057,-1.3181120300498863,439900
58.png,-0.6682429077167027,-0.3252244286806287,-0.6997670876974459,-1.3181120300498863,450000
59.png,-0.6682429077167027,-0.3252244286806287,-0.062802037012642,-4.021890442032031,196000
60.png,-0.6682429077167027,-0.3252244286806287,-0.535626093867131,-4.019090050098336,104900
61.png,-0.1657693228559354,-0.3252244286806287,-0.4809124292570261,-4.047093969435282,209900
62.png,0.8391778468655989,1.397499030172206,1.792562828571812,-4.048354145805445,520000
63.png,0.3367042620048318,0.5361373007457887,0.2622134632085783,-4.048354145805445,249900
64.png,-0.6682429077167027,-0.3252244286806287,-0.9504699986721058,-4.039532911214307,119000
65.png,-0.1657693228559354,0.5361373007457887,0.3961394482243575,-4.019090050098336,218000
66.png,0.8391778468655989,0.5361373007457887,1.1457983155687803,-4.019090050098336,254900
67.png,-0.1657693228559354,-0.3252244286806287,0.3144772622391263,-4.019090050098336,219500
68.png,0.3367042620048318,0.5361373007457887,0.3969560700842098,-4.019090050098336,186500
69.png,-1.1707164925774698,0.5361373007457887,-0.9071890400999332,-4.019090050098336,94500
70.png,1.8441250165871332,0.5361373007457887,1.1229329034929156,-4.016989756148065,339900
71.png,-0.1657693228559354,-0.3252244286806287,0.7089056205477933,-4.019090050098336,259000
72.png,-0.6682429077167027,-0.3252244286806287,-0.062802037012642,-4.021890442032031,196000
73.png,0.3367042620048318,0.5361373007457887,-0.088933936527916,-4.021890442032031,144900
74.png,-0.6682429077167027,-0.3252244286806287,-0.1722293662328519,-4.331613789898654,349900
75.png,0.8391778468655989,0.5361373007457887,-0.2032609969072398,-4.331613789898654,229000
76.png,-0.6682429077167027,-0.3252244286806287,-0.6246378765910331,-4.021890442032031,184900
77.png,-0.1657693228559354,-0.3252244286806287,-0.1575301727555103,-4.331613789898654,225000
78.png,-0.1657693228559354,0.5361373007457887,0.7766852349155352,-4.325452927644526,289900
79.png,-0.6682429077167027,0.5361373007457887,4.471899150747249,-4.329653515545068,299000
80.png,-0.6682429077167027,-0.3252244286806287,-0.951286620531958,-4.329653515545068,224900
81.png,-0.1657693228559354,0.5361373007457887,0.0809234103213649,0.1348713247475608,599000
82.png,-0.6682429077167027,-1.186586158107046,-0.4245655209272165,0.1348713247475608,529800
83.png,-1.6731900774382371,-1.186586158107046,-0.9643525702895952,0.1348713247475608,397500
84.png,-0.1657693228559354,0.5361373007457887,0.5676300387933432,0.1348713247475608,699999
85.png,-0.1657693228559354,-0.3252244286806287,0.300594690621637,0.1348713247475608,689000
86.png,-0.6682429077167027,-0.3252244286806287,-0.538075959446688,0.1348713247475608,529000
87.png,1.8441250165871332,1.397499030172206,2.058781554883666,0.1348713247475608,1430000
88.png,0.8391778468655989,0.5361373007457887,0.5423147611379215,0.1348713247475608,825000
89.png,-0.1657693228559354,0.5361373007457887,0.2083164204583256,0.1348713247475608,619000
90.png,1.341651431726366,3.120222489025041,0.4606525751526902,0.1348713247475608,625000
91.png,0.8391778468655989,0.5361373007457887,0.7864846972337629,0.1348713247475608,1095000
92.png,-0.6682429077167027,-0.3252244286806287,-0.0938336676870299,0.1348713247475608,625000
93.png,-0.1657693228559354,-0.3252244286806287,0.3847067421864252,0.1348713247475608,979000
94.png,-0.1657693228559354,-1.186586158107046,-0.7071166844361166,0.1348713247475608,539000
95.png,-0.6682429077167027,-0.3252244286806287,-1.147275866896513,0.1348713247475608,65000
96.png,-0.6682429077167027,-0.3252244286806287,0.2499641353107936,0.1348713247475608,521500
97.png,0.3367042620048318,1.397499030172206,1.128649256511882,0.1348713247475608,925000
98.png,-0.1657693228559354,-0.3252244286806287,-0.5633912371021097,0.1348713247475608,470000
99.png,-0.1657693228559354,0.5361373007457887,0.6125442410852203,0.3512016016254693,629000
100.png,0.8391778468655989,0.5361373007457887,0.8665136394992896,0.1348713247475608,679000
101.png,-0.6682429077167027,-0.3252244286806287,-0.8794238968649546,0.1348713247475608,549000
102.png,1.341651431726366,0.5361373007457887,1.369552705168314,0.1348713247475608,769000
103.png,-0.6682429077167027,-1.186586158107046,-1.110527883203159,0.1348713247475608,245900
104.png,-0.1657693228559354,0.5361373007457887,0.2948783376026708,0.1348713247475608,644900
105.png,0.3367042620048318,-0.3252244286806287,-0.3494363098208037,0.1348713247475608,895000
106.png,-0.1657693228559354,-0.3252244286806287,0.065407594984171,0.1348713247475608,699000
107.png,-0.6682429077167027,-0.3252244286806287,-0.4400813362644105,0.3512016016254693,529000
108.png,0.8391778468655989,0.5361373007457887,-1.0460147562748263,0.1348713247475608,875000
109.png,0.3367042620048318,0.5361373007457887,1.095167760257937,0.1348713247475608,848000
110.png,1.8441250165871332,1.397499030172206,2.048982092565438,0.1348713247475608,1499000
111.png,0.3367042620048318,0.5361373007457887,0.744836982381295,0.1348713247475608,669000
112.png,0.8391778468655989,-0.3252244286806287,1.5712583045518351,0.1348713247475608,1195000
113.png,0.8391778468655989,1.397499030172206,1.1539645341673035,0.1348713247475608,949000
114.png,0.3367042620048318,0.5361373007457887,-0.6140217924129531,0.1348713247475608,749900
115.png,-0.6682429077167027,-0.3252244286806287,-0.8026614420388372,0.1516736763497285,429900
116.png,-0.1657693228559354,-0.3252244286806287,0.7636192851578982,0.1516736763497285,935000
117.png,-0.6682429077167027,0.5361373007457887,-0.4849955385562876,0.1516736763497285,475000
118.png,-0.1657693228559354,-0.3252244286806287,-0.3674019907375546,0.1516736763497285,485000
119.png,-0.1657693228559354,-0.3252244286806287,-0.5593081278028481,0.1516736763497285,389000
120.png,-0.6682429077167027,0.5361373007457887,-0.5462421780452111,0.1516736763497285,379000
121.png,-0.6682429077167027,0.5361373007457887,-0.1754958536722612,0.1516736763497285,578000
122.png,-0.6682429077167027,-0.3252244286806287,-0.6156550361326576,0.1516736763497285,575000
123.png,0.3367042620048318,1.397499030172206,1.4985789590249794,0.1516736763497285,799000
124.png,-0.1657693228559354,0.5361373007457887,-0.0374867593572203,0.1516736763497285,699800
125.png,1.8441250165871332,0.5361373007457887,1.241343073171501,0.1516736763497285,825500
126.png,3.8540193560302014,2.2588607595986234,3.7851201666114553,0.2435265317749116,3850000
127.png,-0.1657693228559354,0.5361373007457887,2.968498306759142,0.2435265317749116,869000
128.png,-0.1657693228559354,-1.186586158107046,-1.1840238505898673,0.2435265317749116,347000
129.png,0.3367042620048318,0.5361373007457887,0.4900509621073735,0.2435265317749116,1349000
130.png,0.3367042620048318,-0.3252244286806287,-0.4408979581242627,0.2435265317749116,685000
131.png,0.8391778468655989,0.5361373007457887,0.6002949131874357,0.2435265317749116,1499999
132.png,-0.6682429077167027,-0.3252244286806287,-0.9227048554371272,0.2435265317749116,469900
133.png,-0.1657693228559354,-0.3252244286806287,-0.0954669114067345,0.2435265317749116,1199000
134.png,4.356492940890969,3.120222489025041,0.7350375200630672,0.2435265317749116,1200000
135.png,-1.6731900774382371,-1.186586158107046,-1.246087111938643,0.2435265317749116,324999
136.png,0.8391778468655989,0.5361373007457887,0.0621411075447617,0.2435265317749116,895500
137.png,0.8391778468655989,-0.3252244286806287,0.3553083552317419,0.2435265317749116,1399999
138.png,-1.6731900774382371,-2.047947887533464,-1.277935364472883,0.2435265317749116,335000
139.png,-0.6682429077167027,-1.186586158107046,-0.9749686544676752,0.2435265317749116,389900
140.png,-0.6682429077167027,-1.186586158107046,-0.3510695535405084,0.2435265317749116,738000
141.png,-0.1657693228559354,-0.3252244286806287,-0.4457976892833766,0.2435265317749116,798800
142.png,-0.1657693228559354,-0.3252244286806287,-0.3388202256427237,0.2435265317749116,895000
143.png,-0.6682429077167027,-0.3252244286806287,-0.8671745689671699,0.2435265317749116,619000
144.png,0.3367042620048318,0.5361373007457887,0.2034166892992118,0.2435265317749116,1045000
145.png,-0.1657693228559354,-0.3252244286806287,-0.182845450410932,0.2435265317749116,750000
146.png,-0.1657693228559354,-0.3252244286806287,-0.5797236742991559,0.2435265317749116,649900
147.png,-0.1657693228559354,-0.3252244286806287,-0.1142492141833377,0.2435265317749116,949000
148.png,-0.1657693228559354,-0.3252244286806287,-0.195911400168569,0.2435265317749116,728000
149.png,0.8391778468655989,1.397499030172206,1.5353269427183336,0.2435265317749116,1895000
150.png,1.8441250165871332,0.5361373007457887,1.3662862177289048,0.2435265317749116,1795000
151.png,1.341651431726366,1.397499030172206,0.9179608166699852,0.2435265317749116,1650000
152.png,-0.1657693228559354,-0.3252244286806287,-0.4547805297417521,0.7114720238952806,219800
153.png,-0.6682429077167027,-1.186586158107046,-1.068880168350691,0.7114720238952806,22000
154.png,-0.6682429077167027,0.5361373007457887,-0.3951671339725333,0.7114720238952806,245000
155.png,-1.6731900774382371,-0.3252244286806287,-1.0068169070019153,0.7114720238952806,170000
156.png,-0.6682429077167027,-0.3252244286806287,-0.8108276606373603,0.7114720238952806,178000
157.png,-0.6682429077167027,-0.3252244286806287,-0.6573027509851256,0.7114720238952806,1795000
158.png,-0.6682429077167027,-0.3252244286806287,-0.864724703387613,0.7114720238952806,239900
159.png,-0.6682429077167027,-0.3252244286806287,-0.5135773036511185,0.7114720238952806,239900
160.png,0.8391778468655989,0.5361373007457887,0.4369705412169732,0.7114720238952806,449900
161.png,-0.6682429077167027,0.5361373007457887,-0.4874454041358446,0.7114720238952806,279900
162.png,-0.6682429077167027,-0.3252244286806287,-1.108078017623602,0.7114720238952806,164000
163.png,-0.6682429077167027,-0.3252244286806287,-0.5462421780452111,0.7114720238952806,319500
164.png,-0.1657693228559354,0.5361373007457887,-0.6409703137880793,0.5995963661441811,475000
165.png,0.3367042620048318,0.5361373007457887,0.0792901666016603,0.5995963661441811,915000
166.png,0.3367042620048318,0.5361373007457887,0.9661415064012716,0.5995963661441811,824999
167.png,-0.1657693228559354,0.5361373007457887,0.1168547721548666,0.5995963661441811,699700
168.png,0.3367042620048318,0.5361373007457887,-0.3723017218966685,0.5995963661441811,649000
169.png,-0.1657693228559354,-0.3252244286806287,0.8999951357532344,0.5995963661441811,1449000
170.png,0.8391778468655989,-0.3252244286806287,0.6590916870968022,0.5995963661441811,899900
171.png,0.8391778468655989,0.5361373007457887,2.0195837056107546,0.5995963661441811,1999999
172.png,0.3367042620048318,0.5361373007457887,0.3879732296258344,0.5995963661441811,799900
173.png,0.8391778468655989,0.5361373007457887,2.192707539899445,0.5995963661441811,1600000
174.png,-0.6682429077167027,-0.3252244286806287,-0.8704410564065792,0.4989222761278599,739000
175.png,-1.6731900774382371,-1.186586158107046,-1.0615305716120202,0.4989222761278599,629000
176.png,-1.6731900774382371,-2.047947887533464,-1.358780928598262,0.4989222761278599,339000
177.png,-0.6682429077167027,-1.186586158107046,-0.8590083503686468,0.4989222761278599,750000
178.png,-0.6682429077167027,-0.3252244286806287,-0.2342926275816277,0.4989222761278599,888000
179.png,-1.1707164925774698,-0.3252244286806287,-0.6867011379398088,0.4989222761278599,749000
180.png,-0.6682429077167027,-0.3252244286806287,-0.470296345078946,0.4989222761278599,895000
181.png,-1.1707164925774698,-1.186586158107046,-1.016616369320143,0.4989222761278599,435000
182.png,-0.1657693228559354,-0.3252244286806287,-0.1469140885774302,0.4989222761278599,490000
183.png,-1.1707164925774698,-0.3252244286806287,-0.9080056619597856,0.4989222761278599,599000
184.png,-1.6731900774382371,-1.186586158107046,-1.3057005077078616,0.4989222761278599,598000
185.png,0.8391778468655989,1.397499030172206,0.4198214821600746,0.4989222761278599,1327685
186.png,1.341651431726366,2.2588607595986234,0.920410682249542,0.4989222761278599,1495000
187.png,0.8391778468655989,0.5361373007457887,0.914694329230576,0.4989222761278599,1895000
188.png,-0.6682429077167027,0.5361373007457887,-0.5968727333560545,0.4989222761278599,899000
189.png,-0.1657693228559354,0.5361373007457887,-0.2816566954530618,0.4989222761278599,825000
190.png,-1.1707164925774698,-0.3252244286806287,-0.8173606355161789,0.4989222761278599,729000
191.png,-0.1657693228559354,0.5361373007457887,-0.0530025746944143,0.4989222761278599,1188000
192.png,-0.6682429077167027,-1.186586158107046,-1.1546254636351838,0.4989222761278599,538800
193.png,-0.6682429077167027,-0.3252244286806287,-0.7144662811747875,0.4989222761278599,949000
194.png,-1.6731900774382371,-1.186586158107046,-1.2501702212379044,0.4989222761278599,549000
195.png,-1.6731900774382371,-1.186586158107046,-1.2738522551736216,0.4989222761278599,625000
196.png,-1.6731900774382371,-2.047947887533464,-1.3057005077078616,0.4989222761278599,349000
197.png,-0.6682429077167027,-1.186586158107046,-1.1195107236615345,0.4989222761278599,479000
198.png,-0.1657693228559354,-0.3252244286806287,-0.5715574557006328,0.4989222761278599,875000
199.png,-1.1707164925774698,-0.3252244286806287,-0.640153691928227,0.4989222761278599,895000
200.png,-0.1657693228559354,-0.3252244286806287,-0.5821735398787128,0.4989222761278599,649000
201.png,-1.1707164925774698,-1.186586158107046,-1.068880168350691,0.4989222761278599,739000
202.png,-0.1657693228559354,-1.186586158107046,-0.4841789166964353,0.3512016016254693,499000
203.png,0.3367042620048318,-0.3252244286806287,-0.0031886412434232,0.4989222761278599,988000
204.png,0.8391778468655989,-0.3252244286806287,0.2932450938829661,0.4989222761278599,1150000
205.png,-1.6731900774382371,-1.186586158107046,-1.0247825879186665,0.4989222761278599,649000
206.png,-1.6731900774382371,-1.186586158107046,-1.1015450427447837,0.4989222761278599,679000
207.png,-0.6682429077167027,-0.3252244286806287,-0.7773461643834155,0.4989222761278599,619000
208.png,1.341651431726366,1.397499030172206,1.1253827690724727,0.4989222761278599,1295000
209.png,-0.6682429077167027,-0.3252244286806287,0.1135882847154574,0.4989222761278599,895000
210.png,0.3367042620048318,-0.3252244286806287,-0.4090497055900225,0.4989222761278599,995888
211.png,0.3367042620048318,1.397499030172206,0.6182605941041865,0.4989222761278599,899000
212.png,-0.1657693228559354,-0.3252244286806287,-0.5609413715225527,0.4989222761278599,668000
213.png,-1.6731900774382371,-1.186586158107046,-1.0051836632822106,0.4989222761278599,599000
214.png,-1.1707164925774698,-0.3252244286806287,-0.640153691928227,0.4989222761278599,895000
215.png,-0.1657693228559354,0.5361373007457887,-0.6230046328713285,0.4989222761278599,949000
216.png,0.8391778468655989,0.5361373007457887,1.05025355796606,0.3042950367360846,1749000
217.png,1.8441250165871332,1.397499030172206,2.151876446906829,0.3042950367360846,4000000
218.png,-0.6682429077167027,-0.3252244286806287,-0.8140941480767696,0.3042950367360846,599999
219.png,-0.6682429077167027,0.5361373007457887,-0.7667300802053355,0.3042950367360846,949000
220.png,-0.6682429077167027,-0.3252244286806287,-0.7495810211484369,0.3042950367360846,1080000
221.png,-0.6682429077167027,0.5361373007457887,-0.049736087255005,0.3042950367360846,1495000
222.png,-0.6682429077167027,-1.186586158107046,-0.5299097408481648,0.3034549191559763,895000
223.png,-0.6682429077167027,-0.3252244286806287,-0.4645799920599798,0.3042950367360846,897000
224.png,1.8441250165871332,0.5361373007457887,0.3912397170652437,0.3042950367360846,1595000
225.png,0.8391778468655989,-0.3252244286806287,-0.3992502432717948,0.3042950367360846,1149000
226.png,-0.6682429077167027,-0.3252244286806287,-0.7267156090725722,0.3042950367360846,769000
227.png,0.8391778468655989,-0.3252244286806287,0.6296933001421189,0.3042950367360846,2150000
228.png,0.3367042620048318,1.397499030172206,0.6721576368544392,0.2719505099019119,567500
229.png,2.346598601447901,1.397499030172206,1.0910846509586756,0.2719505099019119,579000
230.png,2.346598601447901,1.397499030172206,1.946904360083899,0.2719505099019119,749000
231.png,1.341651431726366,1.397499030172206,1.3466872930924494,0.2719505099019119,699000
232.png,1.341651431726366,2.2588607595986234,1.589223985468586,0.2719505099019119,695000
233.png,1.341651431726366,1.397499030172206,0.3626579519704127,0.2719505099019119,635900
234.png,1.341651431726366,2.2588607595986234,1.0371876082084228,0.2719505099019119,585000
235.png,3.351545771169435,3.9815842184514585,1.2119446862168175,0.2719505099019119,580000
236.png,1.341651431726366,0.5361373007457887,1.149881424868042,0.114008404841536,579000
237.png,0.3367042620048318,0.5361373007457887,0.6933898052105993,0.2719505099019119,547900
238.png,0.3367042620048318,1.397499030172206,1.07148572632222,0.2719505099019119,570000
239.png,0.3367042620048318,1.397499030172206,0.6819570991726669,0.2719505099019119,568000
240.png,1.341651431726366,1.397499030172206,0.7391206293623288,0.2719505099019119,560000
241.png,2.346598601447901,1.397499030172206,1.395684604683588,0.2719505099019119,550000
242.png,0.3367042620048318,0.5361373007457887,0.4786182560694411,0.2719505099019119,549999
243.png,1.341651431726366,1.397499030172206,0.9269436571283608,0.2719505099019119,545000
244.png,0.3367042620048318,1.397499030172206,0.2099496641780303,0.2719505099019119,539900
245.png,0.3367042620048318,1.397499030172206,0.546397870437183,0.2719505099019119,539800
246.png,1.341651431726366,2.2588607595986234,0.8248659246468216,0.2719505099019119,538000
247.png,0.3367042620048318,1.397499030172206,0.7962841595519907,0.2719505099019119,534977
248.png,0.3367042620048318,1.397499030172206,0.5798793666911278,0.2719505099019119,534888
249.png,0.3367042620048318,1.397499030172206,0.5292488113802845,0.2719505099019119,530000
250.png,0.3367042620048318,0.5361373007457887,0.5186327272022044,0.2719505099019119,529900
251.png,0.3367042620048318,0.5361373007457887,0.6337764094413805,0.2719505099019119,529999
252.png,0.3367042620048318,0.5361373007457887,0.232815076253895,0.2719505099019119,529900
253.png,0.3367042620048318,1.397499030172206,0.5627303076342293,0.2247639058191577,284900
254.png,0.3367042620048318,-1.186586158107046,-0.6025890863750206,0.1841582227805859,550000
255.png,-1.6731900774382371,-2.047947887533464,-1.2452704900787903,0.5083035891057368,303590
256.png,-0.1657693228559354,-0.3252244286806287,-0.0570856839936758,-0.1017617936496335,1500000
257.png,3.351545771169435,3.9815842184514585,2.8868361207739106,0.1543340486867384,1350000
258.png,-0.6682429077167027,0.5361373007457887,-0.6965006002580366,0.3895669711170854,89900
259.png,0.8391778468655989,1.397499030172206,0.640309384320199,0.2719505099019119,515000
260.png,0.3367042620048318,-0.3252244286806287,-0.2163269466648768,0.2456268257251826,700200
261.png,0.3367042620048318,0.5361373007457887,0.1348204530716175,0.4181309688407704,1150000
262.png,0.3367042620048318,0.5361373007457887,-0.0636186588724943,-0.094200735428658,1695000
263.png,-0.6682429077167027,-1.186586158107046,-0.7038501969967074,0.2456268257251826,664900
264.png,-0.6682429077167027,-0.3252244286806287,-0.9439370237932873,0.1841582227805859,250000
265.png,-0.6682429077167027,0.5361373007457887,-0.0938336676870299,0.3327190148630849,310000
266.png,1.341651431726366,2.2588607595986234,1.589223985468586,0.2719505099019119,695000
267.png,1.341651431726366,0.5361373007457887,0.0776569228819556,-0.1259851838760919,1550000
268.png,0.3367042620048318,1.397499030172206,0.938376363166293,0.2719505099019119,649990
269.png,0.3367042620048318,0.5361373007457887,-0.0881173146680637,-0.0188701924122731,1299000
270.png,0.3367042620048318,0.5361373007457887,0.4124718854214038,0.2719505099019119,489000
271.png,-1.1707164925774698,-0.3252244286806287,-0.7879622485614955,0.5699122116470182,999000
272.png,0.3367042620048318,1.397499030172206,0.1372703186511745,0.5078835303156827,540000
273.png,0.3367042620048318,0.5361373007457887,0.5267989458007276,0.2719505099019119,490000
274.png,-0.1657693228559354,-0.3252244286806287,-0.8524753754898283,0.1368315991011471,360000
275.png,0.3367042620048318,-0.3252244286806287,-0.3755682093360777,0.2719505099019119,448000
276.png,1.341651431726366,2.2588607595986234,1.589223985468586,0.2719505099019119,669472
277.png,0.3367042620048318,0.5361373007457887,0.3757239017280497,0.114008404841536,549900
278.png,0.3367042620048318,0.5361373007457887,0.1748349242043808,0.2719505099019119,520000
279.png,1.341651431726366,0.5361373007457887,0.431254188198007,0.2719505099019119,520000
280.png,0.3367042620048318,0.5361373007457887,0.5994782913275833,0.2719505099019119,519900
281.png,2.346598601447901,0.5361373007457887,0.7693356381768643,0.2719505099019119,519900
282.png,0.3367042620048318,-0.3252244286806287,0.0017110899156906,0.2719505099019119,529000
283.png,1.341651431726366,1.397499030172206,1.3123891749786525,0.114008404841536,525000
284.png,0.3367042620048318,0.5361373007457887,0.5267989458007276,0.2719505099019119,525000
285.png,2.346598601447901,1.397499030172206,1.1849961648416911,0.2719505099019119,589900
286.png,-0.6682429077167027,-1.186586158107046,-0.990484469804869,0.1873786735043347,96900
287.png,-1.1707164925774698,-1.186586158107046,-0.4613135046205706,0.1873786735043347,163000
288.png,-0.6682429077167027,-1.186586158107046,-0.2685907456954248,0.1873786735043347,175000
289.png,-0.6682429077167027,-1.186586158107046,-0.8336930727132251,0.1873786735043347,98000
290.png,-1.6731900774382371,-1.186586158107046,-1.0329488065171892,0.1873786735043347,36000
291.png,-0.6682429077167027,-1.186586158107046,-0.9120887712590472,0.1873786735043347,115000
292.png,-0.6682429077167027,-1.186586158107046,-0.8042946857585418,0.1873786735043347,125000
293.png,-0.6682429077167027,-1.186586158107046,-1.147275866896513,0.1873786735043347,100000
294.png,-0.6682429077167027,-0.3252244286806287,-0.8140941480767696,0.1873786735043347,193000
295.png,-0.6682429077167027,-0.3252244286806287,0.3455088929135141,0.1873786735043347,385000
296.png,0.5879410544352154,1.397499030172206,0.640309384320199,0.2719505099019119,515000
297.png,2.346598601447901,0.5361373007457887,1.199695358319033,0.2719505099019119,530000
298.png,0.3367042620048318,1.397499030172206,1.144981693708928,0.2719505099019119,567000
299.png,0.8391778468655989,1.397499030172206,0.640309384320199,0.2719505099019119,500000
300.png,1.341651431726366,1.397499030172206,0.980024078018761,0.2719505099019119,537000
301.png,0.8391778468655989,2.2588607595986234,1.020855171011377,0.2719505099019119,647000
302.png,2.346598601447901,1.397499030172206,1.3466872930924494,0.2719505099019119,542000
303.png,2.346598601447901,1.397499030172206,1.199695358319033,0.2719505099019119,565000
304.png,0.3367042620048318,0.5361373007457887,0.9857404310377272,0.2719505099019119,535000
305.png,0.3367042620048318,0.5361373007457887,0.4124718854214038,0.2719505099019119,489000
306.png,0.3367042620048318,0.5361373007457887,0.16748532746571,0.2719505099019119,510000
307.png,-0.1657693228559354,0.5361373007457887,-0.065251902592199,0.360162855813292,560000
308.png,-0.6682429077167027,-0.3252244286806287,0.2662965725078399,0.360162855813292,675000
309.png,-0.1657693228559354,-0.3252244286806287,0.102155578677525,0.360162855813292,450000
310.png,-0.6682429077167027,-0.3252244286806287,-0.167329635073738,0.360162855813292,409900
311.png,-0.1657693228559354,-0.3252244286806287,-0.0317704063382541,0.360162855813292,553000
312.png,-0.1657693228559354,-0.3252244286806287,-0.0856674490885068,0.360162855813292,470000
313.png,-1.6731900774382371,-0.3252244286806287,-0.8394094257321912,0.360162855813292,335000
314.png,-1.6731900774382371,-1.186586158107046,-1.2093391282452888,0.360162855813292,400000
315.png,0.3367042620048318,0.5361373007457887,0.5080166430241244,0.360162855813292,615000
316.png,-0.6682429077167027,-0.3252244286806287,-0.7258989872127198,0.360162855813292,485000
317.png,0.3367042620048318,1.397499030172206,0.5047501555847151,0.360162855813292,479000
318.png,1.341651431726366,1.397499030172206,0.6803238554529624,0.360162855813292,695000
319.png,-0.6682429077167027,-0.3252244286806287,-0.9218882335772748,0.360162855813292,221000
320.png,-0.6682429077167027,0.5361373007457887,-0.4637633702001275,0.360162855813292,450000
321.png,-0.6682429077167027,-0.3252244286806287,-0.7846957611220864,0.360162855813292,195000
322.png,-0.6682429077167027,-0.3252244286806287,-0.9120887712590472,0.360162855813292,240000
323.png,0.3367042620048318,1.397499030172206,0.6550085777975406,0.360162855813292,599900
324.png,1.341651431726366,2.2588607595986234,1.0943511383980848,0.360162855813292,765000
325.png,-0.1657693228559354,0.5361373007457887,-0.0023720193835709,0.360162855813292,539900
326.png,-0.6682429077167027,0.5361373007457887,-0.0922004239673253,0.360162855813292,585000
327.png,-0.6682429077167027,-0.3252244286806287,0.3161105059588309,0.360162855813292,570000
328.png,-0.6682429077167027,0.5361373007457887,-0.167329635073738,0.360162855813292,384000
329.png,1.341651431726366,-0.3252244286806287,0.7734187474761259,0.360162855813292,759000
330.png,-0.6682429077167027,-0.3252244286806287,-0.0407532467966296,0.360162855813292,499000
331.png,-0.6682429077167027,-1.186586158107046,-0.8336930727132251,0.1873786735043347,154900
332.png,-0.6682429077167027,-1.186586158107046,-0.4449810674235243,0.1873786735043347,225000
333.png,-0.6682429077167027,-1.186586158107046,-0.990484469804869,0.1873786735043347,138500
334.png,-0.6682429077167027,-1.186586158107046,-0.7552973741674031,0.1873786735043347,97500
335.png,-0.6682429077167027,-1.186586158107046,-0.2857398047523234,0.1873786735043347,219000
336.png,-0.6682429077167027,-1.186586158107046,-0.9120887712590472,0.1873786735043347,103500
337.png,-0.6682429077167027,-1.186586158107046,-0.6262711203107377,0.1873786735043347,136900
338.png,-0.6682429077167027,-1.186586158107046,-0.9708855451684136,0.1873786735043347,135000
339.png,-0.1657693228559354,-1.186586158107046,-1.147275866896513,0.1873786735043347,135000
340.png,-0.6682429077167027,-0.3252244286806287,-0.7209992560536059,0.1873786735043347,158888
341.png,-0.6682429077167027,-1.186586158107046,-0.990484469804869,0.1873786735043347,74900
342.png,-0.6682429077167027,-1.186586158107046,-0.8336930727132251,0.1873786735043347,69900
343.png,-0.6682429077167027,-0.3252244286806287,-0.9120887712590472,0.1873786735043347,139500
344.png,-0.6682429077167027,-0.3252244286806287,-0.7242657434930152,0.1873786735043347,219900
345.png,-0.6682429077167027,-1.186586158107046,-0.990484469804869,0.1873786735043347,99900
346.png,-0.6682429077167027,-1.186586158107046,-1.081946118108328,0.1873786735043347,59900
347.png,-0.6682429077167027,-1.186586158107046,-1.1146109925024206,0.1873786735043347,118900
348.png,-0.6682429077167027,-1.186586158107046,-0.7552973741674031,0.1873786735043347,106000
349.png,-0.6682429077167027,-1.186586158107046,-0.8336930727132251,0.1873786735043347,67500
350.png,-0.6682429077167027,-1.186586158107046,-0.5919730021969406,0.1873786735043347,104950
351.png,-0.6682429077167027,-1.186586158107046,-0.642603557507784,0.1873786735043347,97000
352.png,-0.6682429077167027,-1.186586158107046,-0.6965006002580366,0.1873786735043347,98900
353.png,-0.6682429077167027,-1.186586158107046,-0.990484469804869,0.1873786735043347,99900
354.png,-1.1707164925774698,-1.186586158107046,-1.068880168350691,0.1873786735043347,79900
355.png,-0.6682429077167027,-1.186586158107046,-0.3551526628397699,0.1873786735043347,164900
356.png,-0.6682429077167027,-1.186586158107046,-0.9186217461378656,0.1873786735043347,117000
357.png,-0.6682429077167027,0.5361373007457887,-0.4074164618703179,0.1873786735043347,256000
358.png,-0.6682429077167027,-1.186586158107046,-1.147275866896513,0.1873786735043347,61000
359.png,-0.6682429077167027,-1.186586158107046,-0.7977617108797234,0.1873786735043347,167400
360.png,-0.6682429077167027,-1.186586158107046,-0.990484469804869,0.1873786735043347,97500
361.png,-1.6731900774382371,-1.186586158107046,-1.147275866896513,0.1873786735043347,63500
362.png,-0.6682429077167027,-0.3252244286806287,-0.951286620531958,0.1873786735043347,225000
363.png,-0.6682429077167027,-1.186586158107046,-0.7552973741674031,0.1873786735043347,77000
364.png,-0.6682429077167027,-1.186586158107046,-0.9120887712590472,0.1873786735043347,114500
365.png,-0.6682429077167027,-1.186586158107046,-0.990484469804869,0.1873786735043347,96500
366.png,-0.6682429077167027,-1.186586158107046,-1.147275866896513,0.1873786735043347,79900
367.png,-0.6682429077167027,-0.3252244286806287,-0.7904121141410525,0.1873786735043347,248500
368.png,-0.6682429077167027,-1.186586158107046,-0.9120887712590472,0.1873786735043347,117500
369.png,-0.6682429077167027,-1.186586158107046,-0.9120887712590472,0.1873786735043347,79900
370.png,-0.6682429077167027,-1.186586158107046,-0.8336930727132251,0.1873786735043347,84900
371.png,-0.6682429077167027,-1.186586158107046,-0.7552973741674031,0.1873786735043347,84900
372.png,-0.1657693228559354,-0.3252244286806287,0.2279153450947811,0.1873786735043347,379500
373.png,-0.6682429077167027,-1.186586158107046,-1.0982785553053744,0.1873786735043347,74900
374.png,-0.6682429077167027,-1.186586158107046,-0.6246378765910331,0.1873786735043347,147000
375.png,-0.6682429077167027,-1.186586158107046,-0.2783902080136525,0.1873786735043347,214900
376.png,-1.6731900774382371,-1.186586158107046,-1.2942678016699294,0.1873786735043347,67900
377.png,-0.6682429077167027,-0.3252244286806287,-0.7904121141410525,0.1873786735043347,199000
378.png,-0.6682429077167027,-1.186586158107046,-0.6703687007427626,0.1873786735043347,124900
379.png,-0.6682429077167027,-1.186586158107046,-0.8140941480767696,0.1873786735043347,69800
380.png,-0.6682429077167027,-1.186586158107046,-0.6050389519545776,0.1873786735043347,185000
381.png,-1.1707164925774698,-2.047947887533464,-0.7552973741674031,0.1873786735043347,87500
382.png,-0.6682429077167027,-1.186586158107046,-0.4286486302264781,0.1873786735043347,160000
383.png,-0.6682429077167027,-0.3252244286806287,-0.7438646681294707,0.1873786735043347,122500
384.png,-0.6682429077167027,-1.186586158107046,-1.081946118108328,0.1873786735043347,67900
385.png,-0.6682429077167027,-1.186586158107046,-0.8851402498839208,0.1873786735043347,139000
386.png,-0.6682429077167027,-1.186586158107046,-0.990484469804869,0.1873786735043347,84900
387.png,-0.6682429077167027,-1.186586158107046,-0.990484469804869,0.1873786735043347,99000
388.png,-0.6682429077167027,-1.186586158107046,-0.6769016756215811,0.1873786735043347,69900
389.png,-1.6731900774382371,-1.186586158107046,-1.147275866896513,0.1873786735043347,49900
390.png,-0.6682429077167027,-1.186586158107046,-0.7552973741674031,0.1873786735043347,154500
391.png,-0.6682429077167027,-1.186586158107046,-0.8336930727132251,0.1873786735043347,129900
392.png,-0.6682429077167027,-0.3252244286806287,-0.7005837095572981,0.1873786735043347,235000
393.png,-0.6682429077167027,-0.3252244286806287,-0.4890786478555492,0.1873786735043347,129000
394.png,-0.6682429077167027,-1.186586158107046,-0.7552973741674031,0.1873786735043347,83900
395.png,-0.6682429077167027,-1.186586158107046,-0.3469864442412468,0.1873786735043347,129500
396.png,-0.6682429077167027,-0.3252244286806287,0.4949506932664874,0.3512016016254693,2395000
397.png,-0.6682429077167027,-1.186586158107046,-0.7324319620915384,0.1873786735043347,125000
398.png,0.3367042620048318,-1.186586158107046,-0.8859568717437731,0.1873786735043347,69900
399.png,-0.6682429077167027,-1.186586158107046,-1.147275866896513,0.1873786735043347,69500
400.png,-0.6682429077167027,-1.186586158107046,-0.5919730021969406,0.1873786735043347,79500
401.png,-0.6682429077167027,-1.186586158107046,-1.068880168350691,0.1873786735043347,68500
402.png,-0.6682429077167027,-1.186586158107046,-0.8336930727132251,0.1873786735043347,117500
403.png,-0.6682429077167027,-0.3252244286806287,-0.4564137734614567,0.1873786735043347,179000
404.png,-0.6682429077167027,-1.186586158107046,-0.8336930727132251,0.1873786735043347,89500
405.png,-0.6682429077167027,-1.186586158107046,-1.016616369320143,0.1873786735043347,72000
406.png,-0.6682429077167027,-1.186586158107046,-0.8336930727132251,0.1873786735043347,104900
407.png,-0.6682429077167027,-0.3252244286806287,-0.8075611731979511,0.1873786735043347,174900
408.png,-0.6682429077167027,-0.3252244286806287,-0.7552973741674031,0.1873786735043347,169900
409.png,-0.6682429077167027,-1.186586158107046,-0.7177327686141967,0.1873786735043347,154000
410.png,-0.6682429077167027,-0.3252244286806287,-0.6573027509851256,0.1873786735043347,189000
411.png,-0.6682429077167027,-1.186586158107046,-0.7552973741674031,0.1873786735043347,62500
412.png,-0.6682429077167027,-1.186586158107046,-0.525010009689051,0.1873786735043347,174500
413.png,-0.6682429077167027,-1.186586158107046,-0.8336930727132251,0.1873786735043347,139000
414.png,-0.6682429077167027,-1.186586158107046,-0.9120887712590472,0.1873786735043347,50000
415.png,-0.6682429077167027,-1.186586158107046,-0.7552973741674031,0.1873786735043347,94900
416.png,-0.6682429077167027,-1.186586158107046,-1.0982785553053744,0.1873786735043347,42900
417.png,-1.6731900774382371,-1.186586158107046,-1.1146109925024206,0.1873786735043347,67000
418.png,-0.6682429077167027,-1.186586158107046,-0.7552973741674031,0.1873786735043347,99900
419.png,-0.6682429077167027,-1.186586158107046,-0.5593081278028481,0.1873786735043347,69500
420.png,-0.6682429077167027,-1.186586158107046,-0.7552973741674031,0.1873786735043347,99000
421.png,-0.6682429077167027,-1.186586158107046,-0.7552973741674031,0.1873786735043347,110000
422.png,0.3367042620048318,0.5361373007457887,0.0727571917228418,0.360162855813292,5858000
423.png,-0.6682429077167027,-0.3252244286806287,-0.0154379691412079,0.360162855813292,557000
424.png,1.341651431726366,0.5361373007457887,0.7260546796046918,0.360162855813292,674900
425.png,-0.6682429077167027,-0.3252244286806287,-0.7487643992885846,0.360162855813292,349000
426.png,-0.6682429077167027,-0.3252244286806287,-0.5152105473708232,0.360162855813292,265000
427.png,0.8391778468655989,0.5361373007457887,0.8297656558059355,0.360162855813292,725000
428.png,-0.6682429077167027,0.5361373007457887,-0.075867986770279,0.360162855813292,559000
429.png,-0.6682429077167027,-0.3252244286806287,0.7848514535140583,0.360162855813292,549000
430.png,-0.6682429077167027,-0.3252244286806287,-0.6997670876974459,0.360162855813292,449000
431.png,0.3367042620048318,0.5361373007457887,1.0339211207690135,0.360162855813292,699900
432.png,-0.1657693228559354,-0.3252244286806287,0.3749072798681974,0.360162855813292,569000
433.png,-0.6682429077167027,0.5361373007457887,-0.3257542758850867,0.360162855813292,530000
434.png,-0.6682429077167027,-0.3252244286806287,-0.7985783327395757,0.360162855813292,395000
435.png,0.3367042620048318,-0.3252244286806287,0.128287478192799,0.360162855813292,705000
436.png,-0.6682429077167027,-0.3252244286806287,-0.2204100559641384,0.360162855813292,479000
437.png,-0.6682429077167027,-0.3252244286806287,-0.3535194191200653,0.360162855813292,309900
438.png,0.3367042620048318,0.5361373007457887,1.0282047677500474,0.360162855813292,698777
439.png,0.3367042620048318,-0.3252244286806287,0.3945062045046529,0.360162855813292,547900
440.png,-0.6682429077167027,-0.3252244286806287,-0.990484469804869,0.360162855813292,425000
441.png,0.3367042620048318,0.5361373007457887,-0.6042223300947253,0.360162855813292,639000
442.png,-0.6682429077167027,0.5361373007457887,-0.5290931189883126,0.360162855813292,494000
443.png,1.341651431726366,0.5361373007457887,0.6982895363697131,0.360162855813292,699000
444.png,0.8391778468655989,1.397499030172206,0.7979174032716954,0.360162855813292,639000
445.png,0.3367042620048318,-0.3252244286806287,0.3553083552317419,0.360162855813292,630000
446.png,0.3367042620048318,-0.3252244286806287,-0.0023720193835709,0.360162855813292,541000
447.png,-0.6682429077167027,-0.3252244286806287,-0.248175199199117,0.360162855813292,529000
448.png,1.341651431726366,0.5361373007457887,0.9449093380451116,0.360162855813292,680000
449.png,-1.6731900774382371,-1.186586158107046,-0.8532919973496806,0.360162855813292,520000
450.png,0.3367042620048318,-0.3252244286806287,-0.0072717505426848,0.360162855813292,710000
451.png,0.3367042620048318,-0.3252244286806287,0.3618413301105604,0.360162855813292,599999
452.png,-0.6682429077167027,-1.186586158107046,-1.0664303027711342,0.360162855813292,445000
453.png,0.3367042620048318,0.5361373007457887,0.3340761868755818,0.360162855813292,599500
454.png,-0.1657693228559354,-0.3252244286806287,-0.3053387293887789,0.360162855813292,515000
455.png,1.341651431726366,0.5361373007457887,0.5431313829977739,0.360162855813292,759000
456.png,-0.6682429077167027,0.5361373007457887,-0.3665853688777023,0.360162855813292,549950
457.png,2.346598601447901,2.2588607595986234,1.408750554441225,0.360162855813292,859000
458.png,-0.6682429077167027,-0.3252244286806287,-0.7879622485614955,0.3512016016254693,139900
459.png,-0.6682429077167027,-0.3252244286806287,-0.3478030661010991,0.3512016016254693,575000
460.png,0.3367042620048318,0.5361373007457887,-0.2016277531875352,0.3512016016254693,489900
461.png,-0.6682429077167027,-0.3252244286806287,-0.3469864442412468,0.3512016016254693,530000
462.png,3.351545771169435,5.7043076773042936,1.4887794967067518,0.3512016016254693,629000
463.png,-1.1707164925774698,-0.3252244286806287,-1.0492812437142356,0.3512016016254693,325000
464.png,-0.6682429077167027,-0.3252244286806287,-0.9757852763275274,0.3512016016254693,235000
465.png,0.3367042620048318,-0.3252244286806287,0.0204933926922938,0.3512016016254693,769000
466.png,-0.6682429077167027,-0.3252244286806287,-0.7316153402316861,0.3512016016254693,299900
467.png,0.3367042620048318,0.5361373007457887,-0.7095665500156736,0.3512016016254693,515000
468.png,-0.1657693228559354,0.5361373007457887,0.2728295473866584,0.3512016016254693,629000
469.png,0.3367042620048318,-0.3252244286806287,-0.1869285597101935,0.3512016016254693,689000
470.png,-0.6682429077167027,1.397499030172206,0.1462531591095499,0.3512016016254693,599000
471.png,0.8391778468655989,0.5361373007457887,-0.2244931652633999,0.3512016016254693,499000
472.png,-0.6682429077167027,-1.186586158107046,-0.9120887712590472,0.3512016016254693,175000
473.png,1.341651431726366,0.5361373007457887,1.8252277029659043,0.3512016016254693,1250000
474.png,-0.6682429077167027,-0.3252244286806287,-0.533176228287574,0.3512016016254693,310000
475.png,-0.6682429077167027,-0.3252244286806287,-0.3633188814382931,0.3512016016254693,625000
476.png,-0.6682429077167027,-0.3252244286806287,-0.5388925813065403,0.3512016016254693,499500
477.png,-0.6682429077167027,-1.186586158107046,-0.5086775724920047,0.3512016016254693,975000
478.png,0.8391778468655989,0.5361373007457887,0.601111535047288,0.3512016016254693,895000
479.png,-0.6682429077167027,-1.186586158107046,-1.068880168350691,0.3512016016254693,179900
480.png,-0.6682429077167027,-1.186586158107046,-0.9594528391304812,0.3512016016254693,739900
481.png,-0.6682429077167027,-0.3252244286806287,-0.7797960299629725,0.3512016016254693,330000
482.png,-0.6682429077167027,-0.3252244286806287,-0.4433478237038197,0.3512016016254693,510000
483.png,-0.6682429077167027,-0.3252244286806287,-0.1362980043993502,0.3512016016254693,625000
484.png,-0.6682429077167027,-1.186586158107046,-1.042748268835417,0.3512016016254693,280000
485.png,-0.6682429077167027,-1.186586158107046,-1.042748268835417,0.3512016016254693,265000
486.png,2.849072186308668,2.2588607595986234,2.151876446906829,0.3512016016254693,2200000
487.png,-0.6682429077167027,-1.186586158107046,-1.042748268835417,0.3512016016254693,275000
488.png,-0.6682429077167027,-1.186586158107046,-1.196273178487652,0.3512016016254693,125000
489.png,-0.6682429077167027,-1.186586158107046,-0.6752684319018765,0.3512016016254693,699500
490.png,-0.6682429077167027,-0.3252244286806287,-0.5919730021969406,0.3512016016254693,425000
491.png,-0.6682429077167027,-0.3252244286806287,-0.2097939717860583,0.3512016016254693,439000
492.png,-1.6731900774382371,-1.186586158107046,-1.2338377840408583,0.3512016016254693,179000
493.png,0.3367042620048318,0.5361373007457887,0.2058665548787687,0.3512016016254693,579500
494.png,1.8441250165871332,2.2588607595986234,1.6504706249575096,0.3512016016254693,759000
495.png,-0.6682429077167027,-0.3252244286806287,-0.6491365323866024,0.3512016016254693,435000
496.png,-0.6682429077167027,-1.186586158107046,-0.9047391745203762,0.3512016016254693,380000
497.png,-0.6682429077167027,0.5361373007457887,-0.2391923587407415,0.3512016016254693,429900
498.png,-0.6682429077167027,-1.186586158107046,-0.1240486765015655,0.3512016016254693,585000
499.png,-0.1657693228559354,-0.3252244286806287,-0.7063000625762643,0.3512016016254693,319000
500.png,1.341651431726366,0.5361373007457887,0.5186327272022044,0.3512016016254693,1495000
501.png,-0.6682429077167027,-0.3252244286806287,-0.0285039188988449,0.3512016016254693,599900
502.png,-0.1657693228559354,-0.3252244286806287,-0.8377761820124866,0.3512016016254693,344900
503.png,-0.6682429077167027,-0.3252244286806287,-0.7291654746521291,0.3512016016254693,309995
504.png,1.341651431726366,0.5361373007457887,0.2581303539093167,0.3512016016254693,572000
505.png,-0.1657693228559354,-0.3252244286806287,-0.3510695535405084,0.2610289813605029,695000
506.png,-0.6682429077167027,-0.3252244286806287,-0.7299820965119814,0.2610289813605029,525000
507.png,-0.6682429077167027,-0.3252244286806287,-0.9120887712590472,0.2610289813605029,78000
508.png,-1.1707164925774698,-0.3252244286806287,-0.9398539144940256,0.2610289813605029,424900
509.png,0.3367042620048318,0.5361373007457887,-0.3943505121126809,0.2610289813605029,825000
510.png,-0.1657693228559354,-1.186586158107046,-1.1252270766805006,0.2610289813605029,475000
511.png,0.3367042620048318,0.5361373007457887,-0.6197381454319192,0.2610289813605029,850000
512.png,-0.1657693228559354,-0.3252244286806287,-0.6622024821442395,0.2610289813605029,409900
513.png,-0.1657693228559354,-0.3252244286806287,-0.5290931189883126,0.2610289813605029,540000
514.png,-0.6682429077167027,0.5361373007457887,-0.7267156090725722,0.5031228640284018,385000
515.png,-0.6682429077167027,-0.3252244286806287,-1.0721466557901005,0.5031228640284018,195000
516.png,0.3367042620048318,0.5361373007457887,-0.0097216161222417,0.5031228640284018,458000
517.png,-0.1657693228559354,0.5361373007457887,0.0466252922075678,0.5031228640284018,468000
518.png,-0.1657693228559354,-0.3252244286806287,0.232815076253895,0.5031228640284018,458000
519.png,-0.1657693228559354,0.5361373007457887,-0.4359982269651489,0.5031228640284018,389000
520.png,-0.6682429077167027,0.5361373007457887,-0.0252374314594357,0.5031228640284018,460000
521.png,0.3367042620048318,1.397499030172206,-0.1518138197365441,0.5031228640284018,430000
522.png,-0.1657693228559354,0.5361373007457887,-0.5740073212801897,0.5031228640284018,329900
523.png,0.3367042620048318,0.5361373007457887,-0.4898952697154015,0.5031228640284018,349900
524.png,-0.6682429077167027,-0.3252244286806287,-0.2881896703318803,0.5031228640284018,454999
525.png,1.341651431726366,3.120222489025041,1.2299103671335687,0.5031228640284018,569950
526.png,0.3367042620048318,1.397499030172206,1.0731189700419246,0.5031228640284018,525000
527.png,-0.1657693228559354,0.5361373007457887,-0.4662132357796844,0.5031228640284018,380000
528.png,0.8391778468655989,0.5361373007457887,0.8616139083401757,0.5031228640284018,550000
529.png,0.3367042620048318,0.5361373007457887,0.115221528435162,0.5031228640284018,449950
530.png,-0.1657693228559354,0.5361373007457887,-0.1052663737249623,0.5031228640284018,495000
531.png,-0.6682429077167027,1.397499030172206,-0.2440920898998554,0.5031228640284018,399900
532.png,0.8391778468655989,0.5361373007457887,5.856073203196919,0.5031228640284018,460000
533.png,-0.6682429077167027,-0.3252244286806287,-0.2865564266121757,0.5031228640284018,407000
534.png,0.3367042620048318,0.5361373007457887,-0.0432031123761865,0.5031228640284018,419000
535.png,0.3367042620048318,1.397499030172206,1.1686637276446452,0.5031228640284018,615000
