bedrooms,bathrooms,area,zipcode,price,bathroom_image,bedroom_image,kitchen_image,frontal_image
0.5361373007457887,1.3416514317263661,1.3785355456266895,-0.7956989148191574,869500,1_bathroom.jpg,1_bedroom.jpg,1_kitchen.jpg,1_frontal.jpg
0.5361373007457887,0.3367042620048318,0.7987340251315477,-7.640276859558834,865200,2_bathroom.jpg,2_bedroom.jpg,2_kitchen.jpg,2_frontal.jpg
-0.32522442868062873,1.3416514317263661,1.2723747038458888,-0.7941586992556253,889000,3_bathroom.jpg,3_bedroom.jpg,3_kitchen.jpg,3_frontal.jpg
1.3974990301722061,2.3465986014479006,1.353220267971268,-0.7947187776423643,910000,4_bathroom.jpg,4_bedroom.jpg,4_kitchen.jpg,4_frontal.jpg
-0.32522442868062873,1.3416514317263661,1.4299827227973851,-0.7941586992556253,971226,5_bathroom.jpg,5_bedroom.jpg,5_kitchen.jpg,5_frontal.jpg
0.5361373007457887,2.3465986014479006,1.8097118876287106,-0.7941586992556253,1249000,6_bathroom.jpg,6_bedroom.jpg,6_kitchen.jpg,6_frontal.jpg
-0.32522442868062873,1.3416514317263661,0.14625315910954992,-0.7947187776423643,799000,7_bathroom.jpg,7_bedroom.jpg,7_kitchen.jpg,7_frontal.jpg
0.5361373007457887,2.3465986014479006,2.5797863014694413,-0.7941586992556253,1698000,8_bathroom.jpg,8_bedroom.jpg,8_kitchen.jpg,8_frontal.jpg
-0.32522442868062873,1.3416514317263661,1.5222609929606965,-0.7956989148191574,1749000,9_bathroom.jpg,9_bedroom.jpg,9_kitchen.jpg,9_frontal.jpg
0.5361373007457887,2.3465986014479006,0.9677747501209764,-0.7947187776423643,1500000,10_bathroom.jpg,10_bedroom.jpg,10_kitchen.jpg,10_frontal.jpg
1.3974990301722061,2.3465986014479006,2.012234108872084,-0.7941586992556253,519200,11_bathroom.jpg,11_bedroom.jpg,11_kitchen.jpg,11_frontal.jpg
0.5361373007457887,1.3416514317263661,0.8681468832189942,-0.7956989148191574,1039000,12_bathroom.jpg,12_bedroom.jpg,12_kitchen.jpg,12_frontal.jpg
1.3974990301722061,0.3367042620048318,2.529155746158598,-0.7941586992556253,799000,13_bathroom.jpg,13_bedroom.jpg,13_kitchen.jpg,13_frontal.jpg
0.5361373007457887,1.3416514317263661,1.3524036461114155,-0.7941586992556253,889000,14_bathroom.jpg,14_bedroom.jpg,14_kitchen.jpg,14_frontal.jpg
1.3974990301722061,2.3465986014479006,1.6668030621545558,-0.7941586992556253,700000,15_bathroom.jpg,15_bedroom.jpg,15_kitchen.jpg,15_frontal.jpg
0.5361373007457887,1.3416514317263661,1.1074170881557217,-0.7956989148191574,500000,16_bathroom.jpg,16_bedroom.jpg,16_kitchen.jpg,16_frontal.jpg
1.3974990301722061,0.3367042620048318,1.0984342476973463,-0.7850574254711179,740000,17_bathroom.jpg,17_bedroom.jpg,17_kitchen.jpg,17_frontal.jpg
-0.32522442868062873,1.3416514317263661,0.3128440185194217,-0.7956989148191574,725000,18_bathroom.jpg,18_bedroom.jpg,18_kitchen.jpg,18_frontal.jpg
1.3974990301722061,1.3416514317263661,1.4904127404264562,-0.7956989148191574,1199000,19_bathroom.jpg,19_bedroom.jpg,19_kitchen.jpg,19_frontal.jpg
-0.32522442868062873,0.8391778468655989,1.4520315130133976,-0.7941586992556253,925000,20_bathroom.jpg,20_bedroom.jpg,20_kitchen.jpg,20_frontal.jpg
-0.32522442868062873,0.8391778468655989,1.5222609929606965,-0.7956989148191574,1749000,21_bathroom.jpg,21_bedroom.jpg,21_kitchen.jpg,21_frontal.jpg
2.2588607595986234,3.8540193560302023,2.9382832979446065,-0.7947187776423643,1595000,22_bathroom.jpg,22_bedroom.jpg,22_kitchen.jpg,22_frontal.jpg
-0.32522442868062873,0.3367042620048318,0.261396841348726,-0.7956989148191574,799900,23_bathroom.jpg,23_bedroom.jpg,23_kitchen.jpg,23_frontal.jpg
1.3974990301722061,2.3465986014479006,2.704729446026845,-0.7786165240236202,1375000,24_bathroom.jpg,24_bedroom.jpg,24_kitchen.jpg,24_frontal.jpg
0.5361373007457887,1.8441250165871335,1.3605698647099387,-0.7947187776423643,1345000,25_bathroom.jpg,25_bedroom.jpg,25_kitchen.jpg,25_frontal.jpg
0.5361373007457887,1.3416514317263661,2.114311841353623,-0.7947187776423643,1290000,26_bathroom.jpg,26_bedroom.jpg,26_kitchen.jpg,26_frontal.jpg
0.5361373007457887,1.8441250165871335,0.9677747501209764,-0.7947187776423643,962500,27_bathroom.jpg,27_bedroom.jpg,27_kitchen.jpg,27_frontal.jpg
1.3974990301722061,1.8441250165871335,1.4822465218279333,-0.7941586992556253,875000,28_bathroom.jpg,28_bedroom.jpg,28_kitchen.jpg,28_frontal.jpg
0.5361373007457887,1.3416514317263661,1.71416713002599,-0.7786165240236202,1650000,29_bathroom.jpg,29_bedroom.jpg,29_kitchen.jpg,29_frontal.jpg
1.3974990301722061,1.8441250165871335,2.012234108872084,-0.7941586992556253,1199000,30_bathroom.jpg,30_bedroom.jpg,30_kitchen.jpg,30_frontal.jpg
1.3974990301722061,0.3367042620048318,0.12665423447309443,0.3512016016254693,789000,31_bathroom.jpg,31_bedroom.jpg,31_kitchen.jpg,31_frontal.jpg
0.5361373007457887,0.8391778468655989,0.8681468832189942,-0.7956989148191574,1039000,32_bathroom.jpg,32_bedroom.jpg,32_kitchen.jpg,32_frontal.jpg
-0.32522442868062873,-0.6682429077167027,-0.45968026090086594,0.3512016016254693,365000,33_bathroom.jpg,33_bedroom.jpg,33_kitchen.jpg,33_frontal.jpg
-0.32522442868062873,0.8391778468655989,0.41492175100096074,-0.7947187776423643,1695000,34_bathroom.jpg,34_bedroom.jpg,34_kitchen.jpg,34_frontal.jpg
0.5361373007457887,1.3416514317263661,0.7309544107638057,-0.7786165240236202,999000,35_bathroom.jpg,35_bedroom.jpg,35_kitchen.jpg,35_frontal.jpg
-0.32522442868062873,1.8441250165871335,1.2478760480503195,-0.7956989148191574,1294000,36_bathroom.jpg,36_bedroom.jpg,36_kitchen.jpg,36_frontal.jpg
1.3974990301722061,2.8490721863086677,1.2797243005845598,-0.7947187776423643,1089000,37_bathroom.jpg,37_bedroom.jpg,37_kitchen.jpg,37_frontal.jpg
-0.32522442868062873,0.8391778468655989,0.34877538035292344,-0.7956989148191574,799900,38_bathroom.jpg,38_bedroom.jpg,38_kitchen.jpg,38_frontal.jpg
-0.32522442868062873,1.8441250165871335,1.5214443711008443,-0.7956989148191574,1229000,39_bathroom.jpg,39_bedroom.jpg,39_kitchen.jpg,39_frontal.jpg
-0.32522442868062873,0.3367042620048318,-0.17876234111167044,0.3512016016254693,455000,40_bathroom.jpg,40_bedroom.jpg,40_kitchen.jpg,40_frontal.jpg
0.5361373007457887,-1.6731900774382371,5.8944544306099775,0.991791256458111,395000,41_bathroom.jpg,41_bedroom.jpg,41_kitchen.jpg,41_frontal.jpg
1.3974990301722061,-0.6682429077167027,4.297142072738854,0.991791256458111,638940,42_bathroom.jpg,42_bedroom.jpg,42_kitchen.jpg,42_frontal.jpg
-0.32522442868062873,-0.6682429077167027,-0.17304598809270427,0.991791256458111,435000,43_bathroom.jpg,43_bedroom.jpg,43_kitchen.jpg,43_frontal.jpg
-0.32522442868062873,-0.16576932285593543,-0.28655642661217573,0.991791256458111,528800,44_bathroom.jpg,44_bedroom.jpg,44_kitchen.jpg,44_frontal.jpg
0.5361373007457887,-0.6682429077167027,-0.35678590655947456,-1.3181120300498865,350000,45_bathroom.jpg,45_bedroom.jpg,45_kitchen.jpg,45_frontal.jpg
-0.32522442868062873,0.3367042620048318,-0.1885618034298982,-1.3181120300498865,425000,46_bathroom.jpg,46_bedroom.jpg,46_kitchen.jpg,46_frontal.jpg
0.5361373007457887,0.3367042620048318,0.11358828471545743,-1.3181120300498865,500000,47_bathroom.jpg,47_bedroom.jpg,47_kitchen.jpg,47_frontal.jpg
-0.32522442868062873,0.3367042620048318,0.0792901666016603,-1.3181120300498865,589900,48_bathroom.jpg,48_bedroom.jpg,48_kitchen.jpg,48_frontal.jpg
0.5361373007457887,0.3367042620048318,1.2568588885086949,-1.3329541072984679,419000,49_bathroom.jpg,49_bedroom.jpg,49_kitchen.jpg,49_frontal.jpg
-0.32522442868062873,-0.6682429077167027,-0.27022398941512943,-1.3329541072984679,415000,50_bathroom.jpg,50_bedroom.jpg,50_kitchen.jpg,50_frontal.jpg
-0.32522442868062873,-0.6682429077167027,-0.629537607750147,-1.3185320888399408,214900,51_bathroom.jpg,51_bedroom.jpg,51_kitchen.jpg,51_frontal.jpg
0.5361373007457887,-0.6682429077167027,0.483517987228555,-1.3181120300498865,699900,52_bathroom.jpg,52_bedroom.jpg,52_kitchen.jpg,52_frontal.jpg
-0.32522442868062873,0.3367042620048318,-0.3845510497944532,-1.3181120300498865,449000,53_bathroom.jpg,53_bedroom.jpg,53_kitchen.jpg,53_frontal.jpg
0.5361373007457887,-0.6682429077167027,-0.19346153458901208,-1.3181120300498865,249900,54_bathroom.jpg,54_bedroom.jpg,54_kitchen.jpg,54_frontal.jpg
1.3974990301722061,0.3367042620048318,0.7366707637827719,-1.3181120300498865,595999,55_bathroom.jpg,55_bedroom.jpg,55_kitchen.jpg,55_frontal.jpg
-0.32522442868062873,0.3367042620048318,0.3847067421864252,-1.3181120300498865,535000,56_bathroom.jpg,56_bedroom.jpg,56_kitchen.jpg,56_frontal.jpg
0.5361373007457887,0.3367042620048318,-0.1558969290358057,-1.3181120300498865,439900,57_bathroom.jpg,57_bedroom.jpg,57_kitchen.jpg,57_frontal.jpg
-0.32522442868062873,-0.6682429077167027,-0.6997670876974459,-1.3181120300498865,450000,58_bathroom.jpg,58_bedroom.jpg,58_kitchen.jpg,58_frontal.jpg
-0.32522442868062873,-0.6682429077167027,-0.06280203701264207,-4.0218904420320305,196000,59_bathroom.jpg,59_bedroom.jpg,59_kitchen.jpg,59_frontal.jpg
-0.32522442868062873,-0.6682429077167027,-0.535626093867131,-4.019090050098336,104900,60_bathroom.jpg,60_bedroom.jpg,60_kitchen.jpg,60_frontal.jpg
-0.32522442868062873,-0.16576932285593543,-0.4809124292570261,-4.047093969435282,209900,61_bathroom.jpg,61_bedroom.jpg,61_kitchen.jpg,61_frontal.jpg
1.3974990301722061,0.8391778468655989,1.792562828571812,-4.048354145805445,520000,62_bathroom.jpg,62_bedroom.jpg,62_kitchen.jpg,62_frontal.jpg
0.5361373007457887,0.3367042620048318,0.2622134632085783,-4.048354145805445,249900,63_bathroom.jpg,63_bedroom.jpg,63_kitchen.jpg,63_frontal.jpg
-0.32522442868062873,-0.6682429077167027,-0.9504699986721058,-4.039532911214307,119000,64_bathroom.jpg,64_bedroom.jpg,64_kitchen.jpg,64_frontal.jpg
0.5361373007457887,-0.16576932285593543,0.39613944822435754,-4.019090050098336,218000,65_bathroom.jpg,65_bedroom.jpg,65_kitchen.jpg,65_frontal.jpg
0.5361373007457887,0.8391778468655989,1.1457983155687805,-4.019090050098336,254900,66_bathroom.jpg,66_bedroom.jpg,66_kitchen.jpg,66_frontal.jpg
-0.32522442868062873,-0.16576932285593543,0.3144772622391263,-4.019090050098336,219500,67_bathroom.jpg,67_bedroom.jpg,67_kitchen.jpg,67_frontal.jpg
0.5361373007457887,0.3367042620048318,0.39695607008420986,-4.019090050098336,186500,68_bathroom.jpg,68_bedroom.jpg,68_kitchen.jpg,68_frontal.jpg
0.5361373007457887,-1.1707164925774698,-0.9071890400999332,-4.019090050098336,94500,69_bathroom.jpg,69_bedroom.jpg,69_kitchen.jpg,69_frontal.jpg
0.5361373007457887,1.8441250165871335,1.1229329034929156,-4.016989756148065,339900,70_bathroom.jpg,70_bedroom.jpg,70_kitchen.jpg,70_frontal.jpg
-0.32522442868062873,-0.16576932285593543,0.7089056205477933,-4.019090050098336,259000,71_bathroom.jpg,71_bedroom.jpg,71_kitchen.jpg,71_frontal.jpg
-0.32522442868062873,-0.6682429077167027,-0.06280203701264207,-4.0218904420320305,196000,72_bathroom.jpg,72_bedroom.jpg,72_kitchen.jpg,72_frontal.jpg
0.5361373007457887,0.3367042620048318,-0.08893393652791608,-4.0218904420320305,144900,73_bathroom.jpg,73_bedroom.jpg,73_kitchen.jpg,73_frontal.jpg
-0.32522442868062873,-0.6682429077167027,-0.17222936623285195,-4.331613789898654,349900,74_bathroom.jpg,74_bedroom.jpg,74_kitchen.jpg,74_frontal.jpg
0.5361373007457887,0.8391778468655989,-0.20326099690723984,-4.331613789898654,229000,75_bathroom.jpg,75_bedroom.jpg,75_kitchen.jpg,75_frontal.jpg
-0.32522442868062873,-0.6682429077167027,-0.6246378765910331,-4.0218904420320305,184900,76_bathroom.jpg,76_bedroom.jpg,76_kitchen.jpg,76_frontal.jpg
-0.32522442868062873,-0.16576932285593543,-0.15753017275551032,-4.331613789898654,225000,77_bathroom.jpg,77_bedroom.jpg,77_kitchen.jpg,77_frontal.jpg
0.5361373007457887,-0.16576932285593543,0.7766852349155352,-4.325452927644526,289900,78_bathroom.jpg,78_bedroom.jpg,78_kitchen.jpg,78_frontal.jpg
0.5361373007457887,-0.6682429077167027,4.471899150747249,-4.329653515545068,299000,79_bathroom.jpg,79_bedroom.jpg,79_kitchen.jpg,79_frontal.jpg
-0.32522442868062873,-0.6682429077167027,-0.9512866205319581,-4.329653515545068,224900,80_bathroom.jpg,80_bedroom.jpg,80_kitchen.jpg,80_frontal.jpg
0.5361373007457887,-0.16576932285593543,0.08092341032136492,0.13487132474756086,599000,81_bathroom.jpg,81_bedroom.jpg,81_kitchen.jpg,81_frontal.jpg
-1.186586158107046,-0.6682429077167027,-0.4245655209272165,0.13487132474756086,529800,82_bathroom.jpg,82_bedroom.jpg,82_kitchen.jpg,82_frontal.jpg
-1.186586158107046,-1.6731900774382371,-0.9643525702895951,0.13487132474756086,397500,83_bathroom.jpg,83_bedroom.jpg,83_kitchen.jpg,83_frontal.jpg
0.5361373007457887,-0.16576932285593543,0.5676300387933432,0.13487132474756086,699999,84_bathroom.jpg,84_bedroom.jpg,84_kitchen.jpg,84_frontal.jpg
-0.32522442868062873,-0.16576932285593543,0.300594690621637,0.13487132474756086,689000,85_bathroom.jpg,85_bedroom.jpg,85_kitchen.jpg,85_frontal.jpg
-0.32522442868062873,-0.6682429077167027,-0.538075959446688,0.13487132474756086,529000,86_bathroom.jpg,86_bedroom.jpg,86_kitchen.jpg,86_frontal.jpg
1.3974990301722061,1.8441250165871335,2.058781554883666,0.13487132474756086,1430000,87_bathroom.jpg,87_bedroom.jpg,87_kitchen.jpg,87_frontal.jpg
0.5361373007457887,0.8391778468655989,0.5423147611379215,0.13487132474756086,825000,88_bathroom.jpg,88_bedroom.jpg,88_kitchen.jpg,88_frontal.jpg
0.5361373007457887,-0.16576932285593543,0.20831642045832569,0.13487132474756086,619000,89_bathroom.jpg,89_bedroom.jpg,89_kitchen.jpg,89_frontal.jpg
3.120222489025041,1.3416514317263661,0.46065257515269026,0.13487132474756086,625000,90_bathroom.jpg,90_bedroom.jpg,90_kitchen.jpg,90_frontal.jpg
0.5361373007457887,0.8391778468655989,0.7864846972337629,0.13487132474756086,1095000,91_bathroom.jpg,91_bedroom.jpg,91_kitchen.jpg,91_frontal.jpg
-0.32522442868062873,-0.6682429077167027,-0.09383366768702996,0.13487132474756086,625000,92_bathroom.jpg,92_bedroom.jpg,92_kitchen.jpg,92_frontal.jpg
-0.32522442868062873,-0.16576932285593543,0.3847067421864252,0.13487132474756086,979000,93_bathroom.jpg,93_bedroom.jpg,93_kitchen.jpg,93_frontal.jpg
-1.186586158107046,-0.16576932285593543,-0.7071166844361166,0.13487132474756086,539000,94_bathroom.jpg,94_bedroom.jpg,94_kitchen.jpg,94_frontal.jpg
-0.32522442868062873,-0.6682429077167027,-1.147275866896513,0.13487132474756086,65000,95_bathroom.jpg,95_bedroom.jpg,95_kitchen.jpg,95_frontal.jpg
-0.32522442868062873,-0.6682429077167027,0.24996413531079362,0.13487132474756086,521500,96_bathroom.jpg,96_bedroom.jpg,96_kitchen.jpg,96_frontal.jpg
1.3974990301722061,0.3367042620048318,1.128649256511882,0.13487132474756086,925000,97_bathroom.jpg,97_bedroom.jpg,97_kitchen.jpg,97_frontal.jpg
-0.32522442868062873,-0.16576932285593543,-0.5633912371021097,0.13487132474756086,470000,98_bathroom.jpg,98_bedroom.jpg,98_kitchen.jpg,98_frontal.jpg
0.5361373007457887,-0.16576932285593543,0.6125442410852203,0.3512016016254693,629000,99_bathroom.jpg,99_bedroom.jpg,99_kitchen.jpg,99_frontal.jpg
0.5361373007457887,0.8391778468655989,0.8665136394992896,0.13487132474756086,679000,100_bathroom.jpg,100_bedroom.jpg,100_kitchen.jpg,100_frontal.jpg
-0.32522442868062873,-0.6682429077167027,-0.8794238968649546,0.13487132474756086,549000,101_bathroom.jpg,101_bedroom.jpg,101_kitchen.jpg,101_frontal.jpg
0.5361373007457887,1.3416514317263661,1.369552705168314,0.13487132474756086,769000,102_bathroom.jpg,102_bedroom.jpg,102_kitchen.jpg,102_frontal.jpg
-1.186586158107046,-0.6682429077167027,-1.110527883203159,0.13487132474756086,245900,103_bathroom.jpg,103_bedroom.jpg,103_kitchen.jpg,103_frontal.jpg
0.5361373007457887,-0.16576932285593543,0.2948783376026708,0.13487132474756086,644900,104_bathroom.jpg,104_bedroom.jpg,104_kitchen.jpg,104_frontal.jpg
-0.32522442868062873,0.3367042620048318,-0.34943630982080376,0.13487132474756086,895000,105_bathroom.jpg,105_bedroom.jpg,105_kitchen.jpg,105_frontal.jpg
-0.32522442868062873,-0.16576932285593543,0.065407594984171,0.13487132474756086,699000,106_bathroom.jpg,106_bedroom.jpg,106_kitchen.jpg,106_frontal.jpg
-0.32522442868062873,-0.6682429077167027,-0.4400813362644105,0.3512016016254693,529000,107_bathroom.jpg,107_bedroom.jpg,107_kitchen.jpg,107_frontal.jpg
0.5361373007457887,0.8391778468655989,-1.0460147562748263,0.13487132474756086,875000,108_bathroom.jpg,108_bedroom.jpg,108_kitchen.jpg,108_frontal.jpg
0.5361373007457887,0.3367042620048318,1.095167760257937,0.13487132474756086,848000,109_bathroom.jpg,109_bedroom.jpg,109_kitchen.jpg,109_frontal.jpg
1.3974990301722061,1.8441250165871335,2.048982092565438,0.13487132474756086,1499000,110_bathroom.jpg,110_bedroom.jpg,110_kitchen.jpg,110_frontal.jpg
0.5361373007457887,0.3367042620048318,0.744836982381295,0.13487132474756086,669000,111_bathroom.jpg,111_bedroom.jpg,111_kitchen.jpg,111_frontal.jpg
-0.32522442868062873,0.8391778468655989,1.5712583045518353,0.13487132474756086,1195000,112_bathroom.jpg,112_bedroom.jpg,112_kitchen.jpg,112_frontal.jpg
1.3974990301722061,0.8391778468655989,1.1539645341673035,0.13487132474756086,949000,113_bathroom.jpg,113_bedroom.jpg,113_kitchen.jpg,113_frontal.jpg
0.5361373007457887,0.3367042620048318,-0.6140217924129531,0.13487132474756086,749900,114_bathroom.jpg,114_bedroom.jpg,114_kitchen.jpg,114_frontal.jpg
-0.32522442868062873,-0.6682429077167027,-0.8026614420388372,0.1516736763497285,429900,115_bathroom.jpg,115_bedroom.jpg,115_kitchen.jpg,115_frontal.jpg
-0.32522442868062873,-0.16576932285593543,0.7636192851578982,0.1516736763497285,935000,116_bathroom.jpg,116_bedroom.jpg,116_kitchen.jpg,116_frontal.jpg
0.5361373007457887,-0.6682429077167027,-0.48499553855628763,0.1516736763497285,475000,117_bathroom.jpg,117_bedroom.jpg,117_kitchen.jpg,117_frontal.jpg
-0.32522442868062873,-0.16576932285593543,-0.36740199073755464,0.1516736763497285,485000,118_bathroom.jpg,118_bedroom.jpg,118_kitchen.jpg,118_frontal.jpg
-0.32522442868062873,-0.16576932285593543,-0.5593081278028481,0.1516736763497285,389000,119_bathroom.jpg,119_bedroom.jpg,119_kitchen.jpg,119_frontal.jpg
0.5361373007457887,-0.6682429077167027,-0.5462421780452111,0.1516736763497285,379000,120_bathroom.jpg,120_bedroom.jpg,120_kitchen.jpg,120_frontal.jpg
0.5361373007457887,-0.6682429077167027,-0.1754958536722612,0.1516736763497285,578000,121_bathroom.jpg,121_bedroom.jpg,121_kitchen.jpg,121_frontal.jpg
-0.32522442868062873,-0.6682429077167027,-0.6156550361326576,0.1516736763497285,575000,122_bathroom.jpg,122_bedroom.jpg,122_kitchen.jpg,122_frontal.jpg
1.3974990301722061,0.3367042620048318,1.4985789590249794,0.1516736763497285,799000,123_bathroom.jpg,123_bedroom.jpg,123_kitchen.jpg,123_frontal.jpg
0.5361373007457887,-0.16576932285593543,-0.03748675935722039,0.1516736763497285,699800,124_bathroom.jpg,124_bedroom.jpg,124_kitchen.jpg,124_frontal.jpg
0.5361373007457887,1.8441250165871335,1.241343073171501,0.1516736763497285,825500,125_bathroom.jpg,125_bedroom.jpg,125_kitchen.jpg,125_frontal.jpg
2.2588607595986234,3.8540193560302023,3.7851201666114545,0.24352653177491165,3850000,126_bathroom.jpg,126_bedroom.jpg,126_kitchen.jpg,126_frontal.jpg
0.5361373007457887,-0.16576932285593543,2.968498306759142,0.24352653177491165,869000,127_bathroom.jpg,127_bedroom.jpg,127_kitchen.jpg,127_frontal.jpg
-1.186586158107046,-0.16576932285593543,-1.1840238505898673,0.24352653177491165,347000,128_bathroom.jpg,128_bedroom.jpg,128_kitchen.jpg,128_frontal.jpg
0.5361373007457887,0.3367042620048318,0.4900509621073735,0.24352653177491165,1349000,129_bathroom.jpg,129_bedroom.jpg,129_kitchen.jpg,129_frontal.jpg
-0.32522442868062873,0.3367042620048318,-0.44089795812426275,0.24352653177491165,685000,130_bathroom.jpg,130_bedroom.jpg,130_kitchen.jpg,130_frontal.jpg
0.5361373007457887,0.8391778468655989,0.6002949131874357,0.24352653177491165,1499999,131_bathroom.jpg,131_bedroom.jpg,131_kitchen.jpg,131_frontal.jpg
-0.32522442868062873,-0.6682429077167027,-0.9227048554371271,0.24352653177491165,469900,132_bathroom.jpg,132_bedroom.jpg,132_kitchen.jpg,132_frontal.jpg
-0.32522442868062873,-0.16576932285593543,-0.09546691140673458,0.24352653177491165,1199000,133_bathroom.jpg,133_bedroom.jpg,133_kitchen.jpg,133_frontal.jpg
3.120222489025041,4.356492940890969,0.7350375200630672,0.24352653177491165,1200000,134_bathroom.jpg,134_bedroom.jpg,134_kitchen.jpg,134_frontal.jpg
-1.186586158107046,-1.6731900774382371,-1.246087111938643,0.24352653177491165,324999,135_bathroom.jpg,135_bedroom.jpg,135_kitchen.jpg,135_frontal.jpg
0.5361373007457887,0.8391778468655989,0.062141107544761744,0.24352653177491165,895500,136_bathroom.jpg,136_bedroom.jpg,136_kitchen.jpg,136_frontal.jpg
-0.32522442868062873,0.8391778468655989,0.3553083552317419,0.24352653177491165,1399999,137_bathroom.jpg,137_bedroom.jpg,137_kitchen.jpg,137_frontal.jpg
-2.047947887533464,-1.6731900774382371,-1.277935364472883,0.24352653177491165,335000,138_bathroom.jpg,138_bedroom.jpg,138_kitchen.jpg,138_frontal.jpg
-1.186586158107046,-0.6682429077167027,-0.9749686544676751,0.24352653177491165,389900,139_bathroom.jpg,139_bedroom.jpg,139_kitchen.jpg,139_frontal.jpg
-1.186586158107046,-0.6682429077167027,-0.3510695535405084,0.24352653177491165,738000,140_bathroom.jpg,140_bedroom.jpg,140_kitchen.jpg,140_frontal.jpg
-0.32522442868062873,-0.16576932285593543,-0.44579768928337665,0.24352653177491165,798800,141_bathroom.jpg,141_bedroom.jpg,141_kitchen.jpg,141_frontal.jpg
-0.32522442868062873,-0.16576932285593543,-0.3388202256427237,0.24352653177491165,895000,142_bathroom.jpg,142_bedroom.jpg,142_kitchen.jpg,142_frontal.jpg
-0.32522442868062873,-0.6682429077167027,-0.8671745689671699,0.24352653177491165,619000,143_bathroom.jpg,143_bedroom.jpg,143_kitchen.jpg,143_frontal.jpg
0.5361373007457887,0.3367042620048318,0.2034166892992118,0.24352653177491165,1045000,144_bathroom.jpg,144_bedroom.jpg,144_kitchen.jpg,144_frontal.jpg
-0.32522442868062873,-0.16576932285593543,-0.182845450410932,0.24352653177491165,750000,145_bathroom.jpg,145_bedroom.jpg,145_kitchen.jpg,145_frontal.jpg
-0.32522442868062873,-0.16576932285593543,-0.5797236742991559,0.24352653177491165,649900,146_bathroom.jpg,146_bedroom.jpg,146_kitchen.jpg,146_frontal.jpg
-0.32522442868062873,-0.16576932285593543,-0.11424921418333776,0.24352653177491165,949000,147_bathroom.jpg,147_bedroom.jpg,147_kitchen.jpg,147_frontal.jpg
-0.32522442868062873,-0.16576932285593543,-0.195911400168569,0.24352653177491165,728000,148_bathroom.jpg,148_bedroom.jpg,148_kitchen.jpg,148_frontal.jpg
1.3974990301722061,0.8391778468655989,1.5353269427183336,0.24352653177491165,1895000,149_bathroom.jpg,149_bedroom.jpg,149_kitchen.jpg,149_frontal.jpg
0.5361373007457887,1.8441250165871335,1.3662862177289048,0.24352653177491165,1795000,150_bathroom.jpg,150_bedroom.jpg,150_kitchen.jpg,150_frontal.jpg
1.3974990301722061,1.3416514317263661,0.9179608166699853,0.24352653177491165,1650000,151_bathroom.jpg,151_bedroom.jpg,151_kitchen.jpg,151_frontal.jpg
-0.32522442868062873,-0.16576932285593543,-0.4547805297417521,0.7114720238952806,219800,152_bathroom.jpg,152_bedroom.jpg,152_kitchen.jpg,152_frontal.jpg
-1.186586158107046,-0.6682429077167027,-1.068880168350691,0.7114720238952806,22000,153_bathroom.jpg,153_bedroom.jpg,153_kitchen.jpg,153_frontal.jpg
0.5361373007457887,-0.6682429077167027,-0.3951671339725333,0.7114720238952806,245000,154_bathroom.jpg,154_bedroom.jpg,154_kitchen.jpg,154_frontal.jpg
-0.32522442868062873,-1.6731900774382371,-1.0068169070019153,0.7114720238952806,170000,155_bathroom.jpg,155_bedroom.jpg,155_kitchen.jpg,155_frontal.jpg
-0.32522442868062873,-0.6682429077167027,-0.8108276606373603,0.7114720238952806,178000,156_bathroom.jpg,156_bedroom.jpg,156_kitchen.jpg,156_frontal.jpg
-0.32522442868062873,-0.6682429077167027,-0.6573027509851256,0.7114720238952806,1795000,157_bathroom.jpg,157_bedroom.jpg,157_kitchen.jpg,157_frontal.jpg
-0.32522442868062873,-0.6682429077167027,-0.864724703387613,0.7114720238952806,239900,158_bathroom.jpg,158_bedroom.jpg,158_kitchen.jpg,158_frontal.jpg
-0.32522442868062873,-0.6682429077167027,-0.5135773036511185,0.7114720238952806,239900,159_bathroom.jpg,159_bedroom.jpg,159_kitchen.jpg,159_frontal.jpg
0.5361373007457887,0.8391778468655989,0.4369705412169732,0.7114720238952806,449900,160_bathroom.jpg,160_bedroom.jpg,160_kitchen.jpg,160_frontal.jpg
0.5361373007457887,-0.6682429077167027,-0.4874454041358446,0.7114720238952806,279900,161_bathroom.jpg,161_bedroom.jpg,161_kitchen.jpg,161_frontal.jpg
-0.32522442868062873,-0.6682429077167027,-1.108078017623602,0.7114720238952806,164000,162_bathroom.jpg,162_bedroom.jpg,162_kitchen.jpg,162_frontal.jpg
-0.32522442868062873,-0.6682429077167027,-0.5462421780452111,0.7114720238952806,319500,163_bathroom.jpg,163_bedroom.jpg,163_kitchen.jpg,163_frontal.jpg
0.5361373007457887,-0.16576932285593543,-0.6409703137880793,0.5995963661441811,475000,164_bathroom.jpg,164_bedroom.jpg,164_kitchen.jpg,164_frontal.jpg
0.5361373007457887,0.3367042620048318,0.0792901666016603,0.5995963661441811,915000,165_bathroom.jpg,165_bedroom.jpg,165_kitchen.jpg,165_frontal.jpg
0.5361373007457887,0.3367042620048318,0.9661415064012717,0.5995963661441811,824999,166_bathroom.jpg,166_bedroom.jpg,166_kitchen.jpg,166_frontal.jpg
0.5361373007457887,-0.16576932285593543,0.11685477215486668,0.5995963661441811,699700,167_bathroom.jpg,167_bedroom.jpg,167_kitchen.jpg,167_frontal.jpg
0.5361373007457887,0.3367042620048318,-0.3723017218966685,0.5995963661441811,649000,168_bathroom.jpg,168_bedroom.jpg,168_kitchen.jpg,168_frontal.jpg
-0.32522442868062873,-0.16576932285593543,0.8999951357532344,0.5995963661441811,1449000,169_bathroom.jpg,169_bedroom.jpg,169_kitchen.jpg,169_frontal.jpg
-0.32522442868062873,0.8391778468655989,0.6590916870968022,0.5995963661441811,899900,170_bathroom.jpg,170_bedroom.jpg,170_kitchen.jpg,170_frontal.jpg
0.5361373007457887,0.8391778468655989,2.0195837056107546,0.5995963661441811,1999999,171_bathroom.jpg,171_bedroom.jpg,171_kitchen.jpg,171_frontal.jpg
0.5361373007457887,0.3367042620048318,0.3879732296258344,0.5995963661441811,799900,172_bathroom.jpg,172_bedroom.jpg,172_kitchen.jpg,172_frontal.jpg
0.5361373007457887,0.8391778468655989,2.192707539899445,0.5995963661441811,1600000,173_bathroom.jpg,173_bedroom.jpg,173_kitchen.jpg,173_frontal.jpg
-0.32522442868062873,-0.6682429077167027,-0.8704410564065792,0.4989222761278599,739000,174_bathroom.jpg,174_bedroom.jpg,174_kitchen.jpg,174_frontal.jpg
-1.186586158107046,-1.6731900774382371,-1.0615305716120202,0.4989222761278599,629000,175_bathroom.jpg,175_bedroom.jpg,175_kitchen.jpg,175_frontal.jpg
-2.047947887533464,-1.6731900774382371,-1.358780928598262,0.4989222761278599,339000,176_bathroom.jpg,176_bedroom.jpg,176_kitchen.jpg,176_frontal.jpg
-1.186586158107046,-0.6682429077167027,-0.8590083503686468,0.4989222761278599,750000,177_bathroom.jpg,177_bedroom.jpg,177_kitchen.jpg,177_frontal.jpg
-0.32522442868062873,-0.6682429077167027,-0.2342926275816277,0.4989222761278599,888000,178_bathroom.jpg,178_bedroom.jpg,178_kitchen.jpg,178_frontal.jpg
-0.32522442868062873,-1.1707164925774698,-0.6867011379398088,0.4989222761278599,749000,179_bathroom.jpg,179_bedroom.jpg,179_kitchen.jpg,179_frontal.jpg
-0.32522442868062873,-0.6682429077167027,-0.470296345078946,0.4989222761278599,895000,180_bathroom.jpg,180_bedroom.jpg,180_kitchen.jpg,180_frontal.jpg
-1.186586158107046,-1.1707164925774698,-1.016616369320143,0.4989222761278599,435000,181_bathroom.jpg,181_bedroom.jpg,181_kitchen.jpg,181_frontal.jpg
-0.32522442868062873,-0.16576932285593543,-0.14691408857743027,0.4989222761278599,490000,182_bathroom.jpg,182_bedroom.jpg,182_kitchen.jpg,182_frontal.jpg
-0.32522442868062873,-1.1707164925774698,-0.9080056619597855,0.4989222761278599,599000,183_bathroom.jpg,183_bedroom.jpg,183_kitchen.jpg,183_frontal.jpg
-1.186586158107046,-1.6731900774382371,-1.3057005077078616,0.4989222761278599,598000,184_bathroom.jpg,184_bedroom.jpg,184_kitchen.jpg,184_frontal.jpg
1.3974990301722061,0.8391778468655989,0.41982148216007464,0.4989222761278599,1327685,185_bathroom.jpg,185_bedroom.jpg,185_kitchen.jpg,185_frontal.jpg
2.2588607595986234,1.3416514317263661,0.9204106822495421,0.4989222761278599,1495000,186_bathroom.jpg,186_bedroom.jpg,186_kitchen.jpg,186_frontal.jpg
0.5361373007457887,0.8391778468655989,0.914694329230576,0.4989222761278599,1895000,187_bathroom.jpg,187_bedroom.jpg,187_kitchen.jpg,187_frontal.jpg
0.5361373007457887,-0.6682429077167027,-0.5968727333560545,0.4989222761278599,899000,188_bathroom.jpg,188_bedroom.jpg,188_kitchen.jpg,188_frontal.jpg
0.5361373007457887,-0.16576932285593543,-0.2816566954530618,0.4989222761278599,825000,189_bathroom.jpg,189_bedroom.jpg,189_kitchen.jpg,189_frontal.jpg
-0.32522442868062873,-1.1707164925774698,-0.8173606355161789,0.4989222761278599,729000,190_bathroom.jpg,190_bedroom.jpg,190_kitchen.jpg,190_frontal.jpg
0.5361373007457887,-0.16576932285593543,-0.05300257469441432,0.4989222761278599,1188000,191_bathroom.jpg,191_bedroom.jpg,191_kitchen.jpg,191_frontal.jpg
-1.186586158107046,-0.6682429077167027,-1.1546254636351838,0.4989222761278599,538800,192_bathroom.jpg,192_bedroom.jpg,192_kitchen.jpg,192_frontal.jpg
-0.32522442868062873,-0.6682429077167027,-0.7144662811747875,0.4989222761278599,949000,193_bathroom.jpg,193_bedroom.jpg,193_kitchen.jpg,193_frontal.jpg
-1.186586158107046,-1.6731900774382371,-1.2501702212379044,0.4989222761278599,549000,194_bathroom.jpg,194_bedroom.jpg,194_kitchen.jpg,194_frontal.jpg
-1.186586158107046,-1.6731900774382371,-1.2738522551736216,0.4989222761278599,625000,195_bathroom.jpg,195_bedroom.jpg,195_kitchen.jpg,195_frontal.jpg
-2.047947887533464,-1.6731900774382371,-1.3057005077078616,0.4989222761278599,349000,196_bathroom.jpg,196_bedroom.jpg,196_kitchen.jpg,196_frontal.jpg
-1.186586158107046,-0.6682429077167027,-1.1195107236615345,0.4989222761278599,479000,197_bathroom.jpg,197_bedroom.jpg,197_kitchen.jpg,197_frontal.jpg
-0.32522442868062873,-0.16576932285593543,-0.5715574557006328,0.4989222761278599,875000,198_bathroom.jpg,198_bedroom.jpg,198_kitchen.jpg,198_frontal.jpg
-0.32522442868062873,-1.1707164925774698,-0.640153691928227,0.4989222761278599,895000,199_bathroom.jpg,199_bedroom.jpg,199_kitchen.jpg,199_frontal.jpg
-0.32522442868062873,-0.16576932285593543,-0.5821735398787128,0.4989222761278599,649000,200_bathroom.jpg,200_bedroom.jpg,200_kitchen.jpg,200_frontal.jpg
-1.186586158107046,-1.1707164925774698,-1.068880168350691,0.4989222761278599,739000,201_bathroom.jpg,201_bedroom.jpg,201_kitchen.jpg,201_frontal.jpg
-1.186586158107046,-0.16576932285593543,-0.4841789166964353,0.3512016016254693,499000,202_bathroom.jpg,202_bedroom.jpg,202_kitchen.jpg,202_frontal.jpg
-0.32522442868062873,0.3367042620048318,-0.0031886412434232606,0.4989222761278599,988000,203_bathroom.jpg,203_bedroom.jpg,203_kitchen.jpg,203_frontal.jpg
-0.32522442868062873,0.8391778468655989,0.29324509388296616,0.4989222761278599,1150000,204_bathroom.jpg,204_bedroom.jpg,204_kitchen.jpg,204_frontal.jpg
-1.186586158107046,-1.6731900774382371,-1.0247825879186663,0.4989222761278599,649000,205_bathroom.jpg,205_bedroom.jpg,205_kitchen.jpg,205_frontal.jpg
-1.186586158107046,-1.6731900774382371,-1.1015450427447835,0.4989222761278599,679000,206_bathroom.jpg,206_bedroom.jpg,206_kitchen.jpg,206_frontal.jpg
-0.32522442868062873,-0.6682429077167027,-0.7773461643834155,0.4989222761278599,619000,207_bathroom.jpg,207_bedroom.jpg,207_kitchen.jpg,207_frontal.jpg
1.3974990301722061,1.3416514317263661,1.1253827690724727,0.4989222761278599,1295000,208_bathroom.jpg,208_bedroom.jpg,208_kitchen.jpg,208_frontal.jpg
-0.32522442868062873,-0.6682429077167027,0.11358828471545743,0.4989222761278599,895000,209_bathroom.jpg,209_bedroom.jpg,209_kitchen.jpg,209_frontal.jpg
-0.32522442868062873,0.3367042620048318,-0.40904970559002257,0.4989222761278599,995888,210_bathroom.jpg,210_bedroom.jpg,210_kitchen.jpg,210_frontal.jpg
1.3974990301722061,0.3367042620048318,0.6182605941041865,0.4989222761278599,899000,211_bathroom.jpg,211_bedroom.jpg,211_kitchen.jpg,211_frontal.jpg
-0.32522442868062873,-0.16576932285593543,-0.5609413715225527,0.4989222761278599,668000,212_bathroom.jpg,212_bedroom.jpg,212_kitchen.jpg,212_frontal.jpg
-1.186586158107046,-1.6731900774382371,-1.0051836632822106,0.4989222761278599,599000,213_bathroom.jpg,213_bedroom.jpg,213_kitchen.jpg,213_frontal.jpg
-0.32522442868062873,-1.1707164925774698,-0.640153691928227,0.4989222761278599,895000,214_bathroom.jpg,214_bedroom.jpg,214_kitchen.jpg,214_frontal.jpg
0.5361373007457887,-0.16576932285593543,-0.6230046328713285,0.4989222761278599,949000,215_bathroom.jpg,215_bedroom.jpg,215_kitchen.jpg,215_frontal.jpg
0.5361373007457887,0.8391778468655989,1.05025355796606,0.30429503673608466,1749000,216_bathroom.jpg,216_bedroom.jpg,216_kitchen.jpg,216_frontal.jpg
1.3974990301722061,1.8441250165871335,2.1518764469068294,0.30429503673608466,4000000,217_bathroom.jpg,217_bedroom.jpg,217_kitchen.jpg,217_frontal.jpg
-0.32522442868062873,-0.6682429077167027,-0.8140941480767696,0.30429503673608466,599999,218_bathroom.jpg,218_bedroom.jpg,218_kitchen.jpg,218_frontal.jpg
0.5361373007457887,-0.6682429077167027,-0.7667300802053355,0.30429503673608466,949000,219_bathroom.jpg,219_bedroom.jpg,219_kitchen.jpg,219_frontal.jpg
-0.32522442868062873,-0.6682429077167027,-0.7495810211484369,0.30429503673608466,1080000,220_bathroom.jpg,220_bedroom.jpg,220_kitchen.jpg,220_frontal.jpg
0.5361373007457887,-0.6682429077167027,-0.04973608725500507,0.30429503673608466,1495000,221_bathroom.jpg,221_bedroom.jpg,221_kitchen.jpg,221_frontal.jpg
-1.186586158107046,-0.6682429077167027,-0.5299097408481648,0.3034549191559763,895000,222_bathroom.jpg,222_bedroom.jpg,222_kitchen.jpg,222_frontal.jpg
-0.32522442868062873,-0.6682429077167027,-0.46457999205997985,0.30429503673608466,897000,223_bathroom.jpg,223_bedroom.jpg,223_kitchen.jpg,223_frontal.jpg
0.5361373007457887,1.8441250165871335,0.3912397170652437,0.30429503673608466,1595000,224_bathroom.jpg,224_bedroom.jpg,224_kitchen.jpg,224_frontal.jpg
-0.32522442868062873,0.8391778468655989,-0.3992502432717948,0.30429503673608466,1149000,225_bathroom.jpg,225_bedroom.jpg,225_kitchen.jpg,225_frontal.jpg
-0.32522442868062873,-0.6682429077167027,-0.7267156090725722,0.30429503673608466,769000,226_bathroom.jpg,226_bedroom.jpg,226_kitchen.jpg,226_frontal.jpg
-0.32522442868062873,0.8391778468655989,0.6296933001421189,0.30429503673608466,2150000,227_bathroom.jpg,227_bedroom.jpg,227_kitchen.jpg,227_frontal.jpg
1.3974990301722061,0.3367042620048318,0.6721576368544392,0.27195050990191194,567500,228_bathroom.jpg,228_bedroom.jpg,228_kitchen.jpg,228_frontal.jpg
1.3974990301722061,2.3465986014479006,1.0910846509586756,0.27195050990191194,579000,229_bathroom.jpg,229_bedroom.jpg,229_kitchen.jpg,229_frontal.jpg
1.3974990301722061,2.3465986014479006,1.946904360083899,0.27195050990191194,749000,230_bathroom.jpg,230_bedroom.jpg,230_kitchen.jpg,230_frontal.jpg
1.3974990301722061,1.3416514317263661,1.3466872930924494,0.27195050990191194,699000,231_bathroom.jpg,231_bedroom.jpg,231_kitchen.jpg,231_frontal.jpg
2.2588607595986234,1.3416514317263661,1.5892239854685861,0.27195050990191194,695000,232_bathroom.jpg,232_bedroom.jpg,232_kitchen.jpg,232_frontal.jpg
1.3974990301722061,1.3416514317263661,0.36265795197041273,0.27195050990191194,635900,233_bathroom.jpg,233_bedroom.jpg,233_kitchen.jpg,233_frontal.jpg
2.2588607595986234,1.3416514317263661,1.0371876082084228,0.27195050990191194,585000,234_bathroom.jpg,234_bedroom.jpg,234_kitchen.jpg,234_frontal.jpg
3.9815842184514585,3.351545771169435,1.2119446862168177,0.27195050990191194,580000,235_bathroom.jpg,235_bedroom.jpg,235_kitchen.jpg,235_frontal.jpg
0.5361373007457887,1.3416514317263661,1.149881424868042,0.11400840484153603,579000,236_bathroom.jpg,236_bedroom.jpg,236_kitchen.jpg,236_frontal.jpg
0.5361373007457887,0.3367042620048318,0.6933898052105993,0.27195050990191194,547900,237_bathroom.jpg,237_bedroom.jpg,237_kitchen.jpg,237_frontal.jpg
1.3974990301722061,0.3367042620048318,1.07148572632222,0.27195050990191194,570000,238_bathroom.jpg,238_bedroom.jpg,238_kitchen.jpg,238_frontal.jpg
1.3974990301722061,0.3367042620048318,0.6819570991726669,0.27195050990191194,568000,239_bathroom.jpg,239_bedroom.jpg,239_kitchen.jpg,239_frontal.jpg
1.3974990301722061,1.3416514317263661,0.7391206293623288,0.27195050990191194,560000,240_bathroom.jpg,240_bedroom.jpg,240_kitchen.jpg,240_frontal.jpg
1.3974990301722061,2.3465986014479006,1.395684604683588,0.27195050990191194,550000,241_bathroom.jpg,241_bedroom.jpg,241_kitchen.jpg,241_frontal.jpg
0.5361373007457887,0.3367042620048318,0.47861825606944114,0.27195050990191194,549999,242_bathroom.jpg,242_bedroom.jpg,242_kitchen.jpg,242_frontal.jpg
1.3974990301722061,1.3416514317263661,0.9269436571283607,0.27195050990191194,545000,243_bathroom.jpg,243_bedroom.jpg,243_kitchen.jpg,243_frontal.jpg
1.3974990301722061,0.3367042620048318,0.2099496641780303,0.27195050990191194,539900,244_bathroom.jpg,244_bedroom.jpg,244_kitchen.jpg,244_frontal.jpg
1.3974990301722061,0.3367042620048318,0.546397870437183,0.27195050990191194,539800,245_bathroom.jpg,245_bedroom.jpg,245_kitchen.jpg,245_frontal.jpg
2.2588607595986234,1.3416514317263661,0.8248659246468216,0.27195050990191194,538000,246_bathroom.jpg,246_bedroom.jpg,246_kitchen.jpg,246_frontal.jpg
1.3974990301722061,0.3367042620048318,0.7962841595519907,0.27195050990191194,534977,247_bathroom.jpg,247_bedroom.jpg,247_kitchen.jpg,247_frontal.jpg
1.3974990301722061,0.3367042620048318,0.5798793666911278,0.27195050990191194,534888,248_bathroom.jpg,248_bedroom.jpg,248_kitchen.jpg,248_frontal.jpg
1.3974990301722061,0.3367042620048318,0.5292488113802845,0.27195050990191194,530000,249_bathroom.jpg,249_bedroom.jpg,249_kitchen.jpg,249_frontal.jpg
0.5361373007457887,0.3367042620048318,0.5186327272022044,0.27195050990191194,529900,250_bathroom.jpg,250_bedroom.jpg,250_kitchen.jpg,250_frontal.jpg
0.5361373007457887,0.3367042620048318,0.6337764094413805,0.27195050990191194,529999,251_bathroom.jpg,251_bedroom.jpg,251_kitchen.jpg,251_frontal.jpg
0.5361373007457887,0.3367042620048318,0.23281507625389505,0.27195050990191194,529900,252_bathroom.jpg,252_bedroom.jpg,252_kitchen.jpg,252_frontal.jpg
1.3974990301722061,0.3367042620048318,0.5627303076342293,0.22476390581915778,284900,253_bathroom.jpg,253_bedroom.jpg,253_kitchen.jpg,253_frontal.jpg
-1.186586158107046,0.3367042620048318,-0.6025890863750206,0.18415822278058597,550000,254_bathroom.jpg,254_bedroom.jpg,254_kitchen.jpg,254_frontal.jpg
-2.047947887533464,-1.6731900774382371,-1.2452704900787905,0.5083035891057368,303590,255_bathroom.jpg,255_bedroom.jpg,255_kitchen.jpg,255_frontal.jpg
-0.32522442868062873,-0.16576932285593543,-0.05708568399367589,-0.10176179364963352,1500000,256_bathroom.jpg,256_bedroom.jpg,256_kitchen.jpg,256_frontal.jpg
3.9815842184514585,3.351545771169435,2.8868361207739106,0.1543340486867384,1350000,257_bathroom.jpg,257_bedroom.jpg,257_kitchen.jpg,257_frontal.jpg
0.5361373007457887,-0.6682429077167027,-0.6965006002580366,0.38956697111708544,89900,258_bathroom.jpg,258_bedroom.jpg,258_kitchen.jpg,258_frontal.jpg
1.3974990301722061,0.8391778468655989,0.640309384320199,0.27195050990191194,515000,259_bathroom.jpg,259_bedroom.jpg,259_kitchen.jpg,259_frontal.jpg
-0.32522442868062873,0.3367042620048318,-0.21632694666487684,0.2456268257251826,700200,260_bathroom.jpg,260_bedroom.jpg,260_kitchen.jpg,260_frontal.jpg
0.5361373007457887,0.3367042620048318,0.13482045307161755,0.41813096884077045,1150000,261_bathroom.jpg,261_bedroom.jpg,261_kitchen.jpg,261_frontal.jpg
0.5361373007457887,0.3367042620048318,-0.06361865887249439,-0.09420073542865808,1695000,262_bathroom.jpg,262_bedroom.jpg,262_kitchen.jpg,262_frontal.jpg
-1.186586158107046,-0.6682429077167027,-0.7038501969967074,0.2456268257251826,664900,263_bathroom.jpg,263_bedroom.jpg,263_kitchen.jpg,263_frontal.jpg
-0.32522442868062873,-0.6682429077167027,-0.9439370237932873,0.18415822278058597,250000,264_bathroom.jpg,264_bedroom.jpg,264_kitchen.jpg,264_frontal.jpg
0.5361373007457887,-0.6682429077167027,-0.09383366768702996,0.3327190148630849,310000,265_bathroom.jpg,265_bedroom.jpg,265_kitchen.jpg,265_frontal.jpg
2.2588607595986234,1.3416514317263661,1.5892239854685861,0.27195050990191194,695000,266_bathroom.jpg,266_bedroom.jpg,266_kitchen.jpg,266_frontal.jpg
0.5361373007457887,1.3416514317263661,0.07765692288195568,-0.1259851838760919,1550000,267_bathroom.jpg,267_bedroom.jpg,267_kitchen.jpg,267_frontal.jpg
1.3974990301722061,0.3367042620048318,0.938376363166293,0.27195050990191194,649990,268_bathroom.jpg,268_bedroom.jpg,268_kitchen.jpg,268_frontal.jpg
0.5361373007457887,0.3367042620048318,-0.08811731466806376,-0.018870192412273126,1299000,269_bathroom.jpg,269_bedroom.jpg,269_kitchen.jpg,269_frontal.jpg
0.5361373007457887,0.3367042620048318,0.4124718854214038,0.27195050990191194,489000,270_bathroom.jpg,270_bedroom.jpg,270_kitchen.jpg,270_frontal.jpg
-0.32522442868062873,-1.1707164925774698,-0.7879622485614955,0.5699122116470182,999000,271_bathroom.jpg,271_bedroom.jpg,271_kitchen.jpg,271_frontal.jpg
1.3974990301722061,0.3367042620048318,0.1372703186511745,0.5078835303156827,540000,272_bathroom.jpg,272_bedroom.jpg,272_kitchen.jpg,272_frontal.jpg
0.5361373007457887,0.3367042620048318,0.5267989458007276,0.27195050990191194,490000,273_bathroom.jpg,273_bedroom.jpg,273_kitchen.jpg,273_frontal.jpg
-0.32522442868062873,-0.16576932285593543,-0.8524753754898283,0.1368315991011471,360000,274_bathroom.jpg,274_bedroom.jpg,274_kitchen.jpg,274_frontal.jpg
-0.32522442868062873,0.3367042620048318,-0.37556820933607776,0.27195050990191194,448000,275_bathroom.jpg,275_bedroom.jpg,275_kitchen.jpg,275_frontal.jpg
2.2588607595986234,1.3416514317263661,1.5892239854685861,0.27195050990191194,669472,276_bathroom.jpg,276_bedroom.jpg,276_kitchen.jpg,276_frontal.jpg
0.5361373007457887,0.3367042620048318,0.37572390172804976,0.11400840484153603,549900,277_bathroom.jpg,277_bedroom.jpg,277_kitchen.jpg,277_frontal.jpg
0.5361373007457887,0.3367042620048318,0.17483492420438088,0.27195050990191194,520000,278_bathroom.jpg,278_bedroom.jpg,278_kitchen.jpg,278_frontal.jpg
0.5361373007457887,1.3416514317263661,0.431254188198007,0.27195050990191194,520000,279_bathroom.jpg,279_bedroom.jpg,279_kitchen.jpg,279_frontal.jpg
0.5361373007457887,0.3367042620048318,0.5994782913275833,0.27195050990191194,519900,280_bathroom.jpg,280_bedroom.jpg,280_kitchen.jpg,280_frontal.jpg
0.5361373007457887,2.3465986014479006,0.7693356381768643,0.27195050990191194,519900,281_bathroom.jpg,281_bedroom.jpg,281_kitchen.jpg,281_frontal.jpg
-0.32522442868062873,0.3367042620048318,0.0017110899156906145,0.27195050990191194,529000,282_bathroom.jpg,282_bedroom.jpg,282_kitchen.jpg,282_frontal.jpg
1.3974990301722061,1.3416514317263661,1.3123891749786523,0.11400840484153603,525000,283_bathroom.jpg,283_bedroom.jpg,283_kitchen.jpg,283_frontal.jpg
0.5361373007457887,0.3367042620048318,0.5267989458007276,0.27195050990191194,525000,284_bathroom.jpg,284_bedroom.jpg,284_kitchen.jpg,284_frontal.jpg
1.3974990301722061,2.3465986014479006,1.1849961648416913,0.27195050990191194,589900,285_bathroom.jpg,285_bedroom.jpg,285_kitchen.jpg,285_frontal.jpg
-1.186586158107046,-0.6682429077167027,-0.990484469804869,0.18737867350433476,96900,286_bathroom.jpg,286_bedroom.jpg,286_kitchen.jpg,286_frontal.jpg
-1.186586158107046,-1.1707164925774698,-0.4613135046205706,0.18737867350433476,163000,287_bathroom.jpg,287_bedroom.jpg,287_kitchen.jpg,287_frontal.jpg
-1.186586158107046,-0.6682429077167027,-0.26859074569542485,0.18737867350433476,175000,288_bathroom.jpg,288_bedroom.jpg,288_kitchen.jpg,288_frontal.jpg
-1.186586158107046,-0.6682429077167027,-0.8336930727132251,0.18737867350433476,98000,289_bathroom.jpg,289_bedroom.jpg,289_kitchen.jpg,289_frontal.jpg
-1.186586158107046,-1.6731900774382371,-1.0329488065171892,0.18737867350433476,36000,290_bathroom.jpg,290_bedroom.jpg,290_kitchen.jpg,290_frontal.jpg
-1.186586158107046,-0.6682429077167027,-0.9120887712590471,0.18737867350433476,115000,291_bathroom.jpg,291_bedroom.jpg,291_kitchen.jpg,291_frontal.jpg
-1.186586158107046,-0.6682429077167027,-0.8042946857585418,0.18737867350433476,125000,292_bathroom.jpg,292_bedroom.jpg,292_kitchen.jpg,292_frontal.jpg
-1.186586158107046,-0.6682429077167027,-1.147275866896513,0.18737867350433476,100000,293_bathroom.jpg,293_bedroom.jpg,293_kitchen.jpg,293_frontal.jpg
-0.32522442868062873,-0.6682429077167027,-0.8140941480767696,0.18737867350433476,193000,294_bathroom.jpg,294_bedroom.jpg,294_kitchen.jpg,294_frontal.jpg
-0.32522442868062873,-0.6682429077167027,0.34550889291351417,0.18737867350433476,385000,295_bathroom.jpg,295_bedroom.jpg,295_kitchen.jpg,295_frontal.jpg
1.3974990301722061,0.5879410544352154,0.640309384320199,0.27195050990191194,515000,296_bathroom.jpg,296_bedroom.jpg,296_kitchen.jpg,296_frontal.jpg
0.5361373007457887,2.3465986014479006,1.199695358319033,0.27195050990191194,530000,297_bathroom.jpg,297_bedroom.jpg,297_kitchen.jpg,297_frontal.jpg
1.3974990301722061,0.3367042620048318,1.144981693708928,0.27195050990191194,567000,298_bathroom.jpg,298_bedroom.jpg,298_kitchen.jpg,298_frontal.jpg
1.3974990301722061,0.8391778468655989,0.640309384320199,0.27195050990191194,500000,299_bathroom.jpg,299_bedroom.jpg,299_kitchen.jpg,299_frontal.jpg
1.3974990301722061,1.3416514317263661,0.980024078018761,0.27195050990191194,537000,300_bathroom.jpg,300_bedroom.jpg,300_kitchen.jpg,300_frontal.jpg
2.2588607595986234,0.8391778468655989,1.0208551710113767,0.27195050990191194,647000,301_bathroom.jpg,301_bedroom.jpg,301_kitchen.jpg,301_frontal.jpg
1.3974990301722061,2.3465986014479006,1.3466872930924494,0.27195050990191194,542000,302_bathroom.jpg,302_bedroom.jpg,302_kitchen.jpg,302_frontal.jpg
1.3974990301722061,2.3465986014479006,1.199695358319033,0.27195050990191194,565000,303_bathroom.jpg,303_bedroom.jpg,303_kitchen.jpg,303_frontal.jpg
0.5361373007457887,0.3367042620048318,0.9857404310377272,0.27195050990191194,535000,304_bathroom.jpg,304_bedroom.jpg,304_kitchen.jpg,304_frontal.jpg
0.5361373007457887,0.3367042620048318,0.4124718854214038,0.27195050990191194,489000,305_bathroom.jpg,305_bedroom.jpg,305_kitchen.jpg,305_frontal.jpg
0.5361373007457887,0.3367042620048318,0.16748532746571004,0.27195050990191194,510000,306_bathroom.jpg,306_bedroom.jpg,306_kitchen.jpg,306_frontal.jpg
0.5361373007457887,-0.16576932285593543,-0.06525190259219901,0.36016285581329205,560000,307_bathroom.jpg,307_bedroom.jpg,307_kitchen.jpg,307_frontal.jpg
-0.32522442868062873,-0.6682429077167027,0.2662965725078399,0.36016285581329205,675000,308_bathroom.jpg,308_bedroom.jpg,308_kitchen.jpg,308_frontal.jpg
-0.32522442868062873,-0.16576932285593543,0.10215557867752505,0.36016285581329205,450000,309_bathroom.jpg,309_bedroom.jpg,309_kitchen.jpg,309_frontal.jpg
-0.32522442868062873,-0.6682429077167027,-0.16732963507373808,0.36016285581329205,409900,310_bathroom.jpg,310_bedroom.jpg,310_kitchen.jpg,310_frontal.jpg
-0.32522442868062873,-0.16576932285593543,-0.031770406338254197,0.36016285581329205,553000,311_bathroom.jpg,311_bedroom.jpg,311_kitchen.jpg,311_frontal.jpg
-0.32522442868062873,-0.16576932285593543,-0.08566744908850682,0.36016285581329205,470000,312_bathroom.jpg,312_bedroom.jpg,312_kitchen.jpg,312_frontal.jpg
-0.32522442868062873,-1.6731900774382371,-0.8394094257321912,0.36016285581329205,335000,313_bathroom.jpg,313_bedroom.jpg,313_kitchen.jpg,313_frontal.jpg
-1.186586158107046,-1.6731900774382371,-1.2093391282452888,0.36016285581329205,400000,314_bathroom.jpg,314_bedroom.jpg,314_kitchen.jpg,314_frontal.jpg
0.5361373007457887,0.3367042620048318,0.5080166430241244,0.36016285581329205,615000,315_bathroom.jpg,315_bedroom.jpg,315_kitchen.jpg,315_frontal.jpg
-0.32522442868062873,-0.6682429077167027,-0.7258989872127198,0.36016285581329205,485000,316_bathroom.jpg,316_bedroom.jpg,316_kitchen.jpg,316_frontal.jpg
1.3974990301722061,0.3367042620048318,0.5047501555847151,0.36016285581329205,479000,317_bathroom.jpg,317_bedroom.jpg,317_kitchen.jpg,317_frontal.jpg
1.3974990301722061,1.3416514317263661,0.6803238554529624,0.36016285581329205,695000,318_bathroom.jpg,318_bedroom.jpg,318_kitchen.jpg,318_frontal.jpg
-0.32522442868062873,-0.6682429077167027,-0.9218882335772748,0.36016285581329205,221000,319_bathroom.jpg,319_bedroom.jpg,319_kitchen.jpg,319_frontal.jpg
0.5361373007457887,-0.6682429077167027,-0.46376337020012753,0.36016285581329205,450000,320_bathroom.jpg,320_bedroom.jpg,320_kitchen.jpg,320_frontal.jpg
-0.32522442868062873,-0.6682429077167027,-0.7846957611220864,0.36016285581329205,195000,321_bathroom.jpg,321_bedroom.jpg,321_kitchen.jpg,321_frontal.jpg
-0.32522442868062873,-0.6682429077167027,-0.9120887712590471,0.36016285581329205,240000,322_bathroom.jpg,322_bedroom.jpg,322_kitchen.jpg,322_frontal.jpg
1.3974990301722061,0.3367042620048318,0.6550085777975406,0.36016285581329205,599900,323_bathroom.jpg,323_bedroom.jpg,323_kitchen.jpg,323_frontal.jpg
2.2588607595986234,1.3416514317263661,1.0943511383980848,0.36016285581329205,765000,324_bathroom.jpg,324_bedroom.jpg,324_kitchen.jpg,324_frontal.jpg
0.5361373007457887,-0.16576932285593543,-0.002372019383570948,0.36016285581329205,539900,325_bathroom.jpg,325_bedroom.jpg,325_kitchen.jpg,325_frontal.jpg
0.5361373007457887,-0.6682429077167027,-0.09220042396732532,0.36016285581329205,585000,326_bathroom.jpg,326_bedroom.jpg,326_kitchen.jpg,326_frontal.jpg
-0.32522442868062873,-0.6682429077167027,0.31611050595883095,0.36016285581329205,570000,327_bathroom.jpg,327_bedroom.jpg,327_kitchen.jpg,327_frontal.jpg
0.5361373007457887,-0.6682429077167027,-0.16732963507373808,0.36016285581329205,384000,328_bathroom.jpg,328_bedroom.jpg,328_kitchen.jpg,328_frontal.jpg
-0.32522442868062873,1.3416514317263661,0.7734187474761259,0.36016285581329205,759000,329_bathroom.jpg,329_bedroom.jpg,329_kitchen.jpg,329_frontal.jpg
-0.32522442868062873,-0.6682429077167027,-0.04075324679662964,0.36016285581329205,499000,330_bathroom.jpg,330_bedroom.jpg,330_kitchen.jpg,330_frontal.jpg
-1.186586158107046,-0.6682429077167027,-0.8336930727132251,0.18737867350433476,154900,331_bathroom.jpg,331_bedroom.jpg,331_kitchen.jpg,331_frontal.jpg
-1.186586158107046,-0.6682429077167027,-0.44498106742352433,0.18737867350433476,225000,332_bathroom.jpg,332_bedroom.jpg,332_kitchen.jpg,332_frontal.jpg
-1.186586158107046,-0.6682429077167027,-0.990484469804869,0.18737867350433476,138500,333_bathroom.jpg,333_bedroom.jpg,333_kitchen.jpg,333_frontal.jpg
-1.186586158107046,-0.6682429077167027,-0.7552973741674031,0.18737867350433476,97500,334_bathroom.jpg,334_bedroom.jpg,334_kitchen.jpg,334_frontal.jpg
-1.186586158107046,-0.6682429077167027,-0.2857398047523234,0.18737867350433476,219000,335_bathroom.jpg,335_bedroom.jpg,335_kitchen.jpg,335_frontal.jpg
-1.186586158107046,-0.6682429077167027,-0.9120887712590471,0.18737867350433476,103500,336_bathroom.jpg,336_bedroom.jpg,336_kitchen.jpg,336_frontal.jpg
-1.186586158107046,-0.6682429077167027,-0.6262711203107377,0.18737867350433476,136900,337_bathroom.jpg,337_bedroom.jpg,337_kitchen.jpg,337_frontal.jpg
-1.186586158107046,-0.6682429077167027,-0.9708855451684136,0.18737867350433476,135000,338_bathroom.jpg,338_bedroom.jpg,338_kitchen.jpg,338_frontal.jpg
-1.186586158107046,-0.16576932285593543,-1.147275866896513,0.18737867350433476,135000,339_bathroom.jpg,339_bedroom.jpg,339_kitchen.jpg,339_frontal.jpg
-0.32522442868062873,-0.6682429077167027,-0.7209992560536059,0.18737867350433476,158888,340_bathroom.jpg,340_bedroom.jpg,340_kitchen.jpg,340_frontal.jpg
-1.186586158107046,-0.6682429077167027,-0.990484469804869,0.18737867350433476,74900,341_bathroom.jpg,341_bedroom.jpg,341_kitchen.jpg,341_frontal.jpg
-1.186586158107046,-0.6682429077167027,-0.8336930727132251,0.18737867350433476,69900,342_bathroom.jpg,342_bedroom.jpg,342_kitchen.jpg,342_frontal.jpg
-0.32522442868062873,-0.6682429077167027,-0.9120887712590471,0.18737867350433476,139500,343_bathroom.jpg,343_bedroom.jpg,343_kitchen.jpg,343_frontal.jpg
-0.32522442868062873,-0.6682429077167027,-0.7242657434930152,0.18737867350433476,219900,344_bathroom.jpg,344_bedroom.jpg,344_kitchen.jpg,344_frontal.jpg
-1.186586158107046,-0.6682429077167027,-0.990484469804869,0.18737867350433476,99900,345_bathroom.jpg,345_bedroom.jpg,345_kitchen.jpg,345_frontal.jpg
-1.186586158107046,-0.6682429077167027,-1.081946118108328,0.18737867350433476,59900,346_bathroom.jpg,346_bedroom.jpg,346_kitchen.jpg,346_frontal.jpg
-1.186586158107046,-0.6682429077167027,-1.1146109925024206,0.18737867350433476,118900,347_bathroom.jpg,347_bedroom.jpg,347_kitchen.jpg,347_frontal.jpg
-1.186586158107046,-0.6682429077167027,-0.7552973741674031,0.18737867350433476,106000,348_bathroom.jpg,348_bedroom.jpg,348_kitchen.jpg,348_frontal.jpg
-1.186586158107046,-0.6682429077167027,-0.8336930727132251,0.18737867350433476,67500,349_bathroom.jpg,349_bedroom.jpg,349_kitchen.jpg,349_frontal.jpg
-1.186586158107046,-0.6682429077167027,-0.5919730021969406,0.18737867350433476,104950,350_bathroom.jpg,350_bedroom.jpg,350_kitchen.jpg,350_frontal.jpg
-1.186586158107046,-0.6682429077167027,-0.642603557507784,0.18737867350433476,97000,351_bathroom.jpg,351_bedroom.jpg,351_kitchen.jpg,351_frontal.jpg
-1.186586158107046,-0.6682429077167027,-0.6965006002580366,0.18737867350433476,98900,352_bathroom.jpg,352_bedroom.jpg,352_kitchen.jpg,352_frontal.jpg
-1.186586158107046,-0.6682429077167027,-0.990484469804869,0.18737867350433476,99900,353_bathroom.jpg,353_bedroom.jpg,353_kitchen.jpg,353_frontal.jpg
-1.186586158107046,-1.1707164925774698,-1.068880168350691,0.18737867350433476,79900,354_bathroom.jpg,354_bedroom.jpg,354_kitchen.jpg,354_frontal.jpg
-1.186586158107046,-0.6682429077167027,-0.35515266283976993,0.18737867350433476,164900,355_bathroom.jpg,355_bedroom.jpg,355_kitchen.jpg,355_frontal.jpg
-1.186586158107046,-0.6682429077167027,-0.9186217461378656,0.18737867350433476,117000,356_bathroom.jpg,356_bedroom.jpg,356_kitchen.jpg,356_frontal.jpg
0.5361373007457887,-0.6682429077167027,-0.40741646187031794,0.18737867350433476,256000,357_bathroom.jpg,357_bedroom.jpg,357_kitchen.jpg,357_frontal.jpg
-1.186586158107046,-0.6682429077167027,-1.147275866896513,0.18737867350433476,61000,358_bathroom.jpg,358_bedroom.jpg,358_kitchen.jpg,358_frontal.jpg
-1.186586158107046,-0.6682429077167027,-0.7977617108797234,0.18737867350433476,167400,359_bathroom.jpg,359_bedroom.jpg,359_kitchen.jpg,359_frontal.jpg
-1.186586158107046,-0.6682429077167027,-0.990484469804869,0.18737867350433476,97500,360_bathroom.jpg,360_bedroom.jpg,360_kitchen.jpg,360_frontal.jpg
-1.186586158107046,-1.6731900774382371,-1.147275866896513,0.18737867350433476,63500,361_bathroom.jpg,361_bedroom.jpg,361_kitchen.jpg,361_frontal.jpg
-0.32522442868062873,-0.6682429077167027,-0.9512866205319581,0.18737867350433476,225000,362_bathroom.jpg,362_bedroom.jpg,362_kitchen.jpg,362_frontal.jpg
-1.186586158107046,-0.6682429077167027,-0.7552973741674031,0.18737867350433476,77000,363_bathroom.jpg,363_bedroom.jpg,363_kitchen.jpg,363_frontal.jpg
-1.186586158107046,-0.6682429077167027,-0.9120887712590471,0.18737867350433476,114500,364_bathroom.jpg,364_bedroom.jpg,364_kitchen.jpg,364_frontal.jpg
-1.186586158107046,-0.6682429077167027,-0.990484469804869,0.18737867350433476,96500,365_bathroom.jpg,365_bedroom.jpg,365_kitchen.jpg,365_frontal.jpg
-1.186586158107046,-0.6682429077167027,-1.147275866896513,0.18737867350433476,79900,366_bathroom.jpg,366_bedroom.jpg,366_kitchen.jpg,366_frontal.jpg
-0.32522442868062873,-0.6682429077167027,-0.7904121141410525,0.18737867350433476,248500,367_bathroom.jpg,367_bedroom.jpg,367_kitchen.jpg,367_frontal.jpg
-1.186586158107046,-0.6682429077167027,-0.9120887712590471,0.18737867350433476,117500,368_bathroom.jpg,368_bedroom.jpg,368_kitchen.jpg,368_frontal.jpg
-1.186586158107046,-0.6682429077167027,-0.9120887712590471,0.18737867350433476,79900,369_bathroom.jpg,369_bedroom.jpg,369_kitchen.jpg,369_frontal.jpg
-1.186586158107046,-0.6682429077167027,-0.8336930727132251,0.18737867350433476,84900,370_bathroom.jpg,370_bedroom.jpg,370_kitchen.jpg,370_frontal.jpg
-1.186586158107046,-0.6682429077167027,-0.7552973741674031,0.18737867350433476,84900,371_bathroom.jpg,371_bedroom.jpg,371_kitchen.jpg,371_frontal.jpg
-0.32522442868062873,-0.16576932285593543,0.22791534509478117,0.18737867350433476,379500,372_bathroom.jpg,372_bedroom.jpg,372_kitchen.jpg,372_frontal.jpg
-1.186586158107046,-0.6682429077167027,-1.0982785553053744,0.18737867350433476,74900,373_bathroom.jpg,373_bedroom.jpg,373_kitchen.jpg,373_frontal.jpg
-1.186586158107046,-0.6682429077167027,-0.6246378765910331,0.18737867350433476,147000,374_bathroom.jpg,374_bedroom.jpg,374_kitchen.jpg,374_frontal.jpg
-1.186586158107046,-0.6682429077167027,-0.27839020801365255,0.18737867350433476,214900,375_bathroom.jpg,375_bedroom.jpg,375_kitchen.jpg,375_frontal.jpg
-1.186586158107046,-1.6731900774382371,-1.2942678016699294,0.18737867350433476,67900,376_bathroom.jpg,376_bedroom.jpg,376_kitchen.jpg,376_frontal.jpg
-0.32522442868062873,-0.6682429077167027,-0.7904121141410525,0.18737867350433476,199000,377_bathroom.jpg,377_bedroom.jpg,377_kitchen.jpg,377_frontal.jpg
-1.186586158107046,-0.6682429077167027,-0.6703687007427626,0.18737867350433476,124900,378_bathroom.jpg,378_bedroom.jpg,378_kitchen.jpg,378_frontal.jpg
-1.186586158107046,-0.6682429077167027,-0.8140941480767696,0.18737867350433476,69800,379_bathroom.jpg,379_bedroom.jpg,379_kitchen.jpg,379_frontal.jpg
-1.186586158107046,-0.6682429077167027,-0.6050389519545776,0.18737867350433476,185000,380_bathroom.jpg,380_bedroom.jpg,380_kitchen.jpg,380_frontal.jpg
-2.047947887533464,-1.1707164925774698,-0.7552973741674031,0.18737867350433476,87500,381_bathroom.jpg,381_bedroom.jpg,381_kitchen.jpg,381_frontal.jpg
-1.186586158107046,-0.6682429077167027,-0.4286486302264781,0.18737867350433476,160000,382_bathroom.jpg,382_bedroom.jpg,382_kitchen.jpg,382_frontal.jpg
-0.32522442868062873,-0.6682429077167027,-0.7438646681294707,0.18737867350433476,122500,383_bathroom.jpg,383_bedroom.jpg,383_kitchen.jpg,383_frontal.jpg
-1.186586158107046,-0.6682429077167027,-1.081946118108328,0.18737867350433476,67900,384_bathroom.jpg,384_bedroom.jpg,384_kitchen.jpg,384_frontal.jpg
-1.186586158107046,-0.6682429077167027,-0.8851402498839208,0.18737867350433476,139000,385_bathroom.jpg,385_bedroom.jpg,385_kitchen.jpg,385_frontal.jpg
-1.186586158107046,-0.6682429077167027,-0.990484469804869,0.18737867350433476,84900,386_bathroom.jpg,386_bedroom.jpg,386_kitchen.jpg,386_frontal.jpg
-1.186586158107046,-0.6682429077167027,-0.990484469804869,0.18737867350433476,99000,387_bathroom.jpg,387_bedroom.jpg,387_kitchen.jpg,387_frontal.jpg
-1.186586158107046,-0.6682429077167027,-0.6769016756215811,0.18737867350433476,69900,388_bathroom.jpg,388_bedroom.jpg,388_kitchen.jpg,388_frontal.jpg
-1.186586158107046,-1.6731900774382371,-1.147275866896513,0.18737867350433476,49900,389_bathroom.jpg,389_bedroom.jpg,389_kitchen.jpg,389_frontal.jpg
-1.186586158107046,-0.6682429077167027,-0.7552973741674031,0.18737867350433476,154500,390_bathroom.jpg,390_bedroom.jpg,390_kitchen.jpg,390_frontal.jpg
-1.186586158107046,-0.6682429077167027,-0.8336930727132251,0.18737867350433476,129900,391_bathroom.jpg,391_bedroom.jpg,391_kitchen.jpg,391_frontal.jpg
-0.32522442868062873,-0.6682429077167027,-0.7005837095572981,0.18737867350433476,235000,392_bathroom.jpg,392_bedroom.jpg,392_kitchen.jpg,392_frontal.jpg
-0.32522442868062873,-0.6682429077167027,-0.4890786478555492,0.18737867350433476,129000,393_bathroom.jpg,393_bedroom.jpg,393_kitchen.jpg,393_frontal.jpg
-1.186586158107046,-0.6682429077167027,-0.7552973741674031,0.18737867350433476,83900,394_bathroom.jpg,394_bedroom.jpg,394_kitchen.jpg,394_frontal.jpg
-1.186586158107046,-0.6682429077167027,-0.3469864442412468,0.18737867350433476,129500,395_bathroom.jpg,395_bedroom.jpg,395_kitchen.jpg,395_frontal.jpg
-0.32522442868062873,-0.6682429077167027,0.4949506932664874,0.3512016016254693,2395000,396_bathroom.jpg,396_bedroom.jpg,396_kitchen.jpg,396_frontal.jpg
-1.186586158107046,-0.6682429077167027,-0.7324319620915384,0.18737867350433476,125000,397_bathroom.jpg,397_bedroom.jpg,397_kitchen.jpg,397_frontal.jpg
-1.186586158107046,0.3367042620048318,-0.8859568717437731,0.18737867350433476,69900,398_bathroom.jpg,398_bedroom.jpg,398_kitchen.jpg,398_frontal.jpg
-1.186586158107046,-0.6682429077167027,-1.147275866896513,0.18737867350433476,69500,399_bathroom.jpg,399_bedroom.jpg,399_kitchen.jpg,399_frontal.jpg
-1.186586158107046,-0.6682429077167027,-0.5919730021969406,0.18737867350433476,79500,400_bathroom.jpg,400_bedroom.jpg,400_kitchen.jpg,400_frontal.jpg
-1.186586158107046,-0.6682429077167027,-1.068880168350691,0.18737867350433476,68500,401_bathroom.jpg,401_bedroom.jpg,401_kitchen.jpg,401_frontal.jpg
-1.186586158107046,-0.6682429077167027,-0.8336930727132251,0.18737867350433476,117500,402_bathroom.jpg,402_bedroom.jpg,402_kitchen.jpg,402_frontal.jpg
-0.32522442868062873,-0.6682429077167027,-0.45641377346145673,0.18737867350433476,179000,403_bathroom.jpg,403_bedroom.jpg,403_kitchen.jpg,403_frontal.jpg
-1.186586158107046,-0.6682429077167027,-0.8336930727132251,0.18737867350433476,89500,404_bathroom.jpg,404_bedroom.jpg,404_kitchen.jpg,404_frontal.jpg
-1.186586158107046,-0.6682429077167027,-1.016616369320143,0.18737867350433476,72000,405_bathroom.jpg,405_bedroom.jpg,405_kitchen.jpg,405_frontal.jpg
-1.186586158107046,-0.6682429077167027,-0.8336930727132251,0.18737867350433476,104900,406_bathroom.jpg,406_bedroom.jpg,406_kitchen.jpg,406_frontal.jpg
-0.32522442868062873,-0.6682429077167027,-0.8075611731979511,0.18737867350433476,174900,407_bathroom.jpg,407_bedroom.jpg,407_kitchen.jpg,407_frontal.jpg
-0.32522442868062873,-0.6682429077167027,-0.7552973741674031,0.18737867350433476,169900,408_bathroom.jpg,408_bedroom.jpg,408_kitchen.jpg,408_frontal.jpg
-1.186586158107046,-0.6682429077167027,-0.7177327686141967,0.18737867350433476,154000,409_bathroom.jpg,409_bedroom.jpg,409_kitchen.jpg,409_frontal.jpg
-0.32522442868062873,-0.6682429077167027,-0.6573027509851256,0.18737867350433476,189000,410_bathroom.jpg,410_bedroom.jpg,410_kitchen.jpg,410_frontal.jpg
-1.186586158107046,-0.6682429077167027,-0.7552973741674031,0.18737867350433476,62500,411_bathroom.jpg,411_bedroom.jpg,411_kitchen.jpg,411_frontal.jpg
-1.186586158107046,-0.6682429077167027,-0.525010009689051,0.18737867350433476,174500,412_bathroom.jpg,412_bedroom.jpg,412_kitchen.jpg,412_frontal.jpg
-1.186586158107046,-0.6682429077167027,-0.8336930727132251,0.18737867350433476,139000,413_bathroom.jpg,413_bedroom.jpg,413_kitchen.jpg,413_frontal.jpg
-1.186586158107046,-0.6682429077167027,-0.9120887712590471,0.18737867350433476,50000,414_bathroom.jpg,414_bedroom.jpg,414_kitchen.jpg,414_frontal.jpg
-1.186586158107046,-0.6682429077167027,-0.7552973741674031,0.18737867350433476,94900,415_bathroom.jpg,415_bedroom.jpg,415_kitchen.jpg,415_frontal.jpg
-1.186586158107046,-0.6682429077167027,-1.0982785553053744,0.18737867350433476,42900,416_bathroom.jpg,416_bedroom.jpg,416_kitchen.jpg,416_frontal.jpg
-1.186586158107046,-1.6731900774382371,-1.1146109925024206,0.18737867350433476,67000,417_bathroom.jpg,417_bedroom.jpg,417_kitchen.jpg,417_frontal.jpg
-1.186586158107046,-0.6682429077167027,-0.7552973741674031,0.18737867350433476,99900,418_bathroom.jpg,418_bedroom.jpg,418_kitchen.jpg,418_frontal.jpg
-1.186586158107046,-0.6682429077167027,-0.5593081278028481,0.18737867350433476,69500,419_bathroom.jpg,419_bedroom.jpg,419_kitchen.jpg,419_frontal.jpg
-1.186586158107046,-0.6682429077167027,-0.7552973741674031,0.18737867350433476,99000,420_bathroom.jpg,420_bedroom.jpg,420_kitchen.jpg,420_frontal.jpg
-1.186586158107046,-0.6682429077167027,-0.7552973741674031,0.18737867350433476,110000,421_bathroom.jpg,421_bedroom.jpg,421_kitchen.jpg,421_frontal.jpg
0.5361373007457887,0.3367042620048318,0.0727571917228418,0.36016285581329205,5858000,422_bathroom.jpg,422_bedroom.jpg,422_kitchen.jpg,422_frontal.jpg
-0.32522442868062873,-0.6682429077167027,-0.01543796914120795,0.36016285581329205,557000,423_bathroom.jpg,423_bedroom.jpg,423_kitchen.jpg,423_frontal.jpg
0.5361373007457887,1.3416514317263661,0.7260546796046918,0.36016285581329205,674900,424_bathroom.jpg,424_bedroom.jpg,424_kitchen.jpg,424_frontal.jpg
-0.32522442868062873,-0.6682429077167027,-0.7487643992885846,0.36016285581329205,349000,425_bathroom.jpg,425_bedroom.jpg,425_kitchen.jpg,425_frontal.jpg
-0.32522442868062873,-0.6682429077167027,-0.5152105473708232,0.36016285581329205,265000,426_bathroom.jpg,426_bedroom.jpg,426_kitchen.jpg,426_frontal.jpg
0.5361373007457887,0.8391778468655989,0.8297656558059355,0.36016285581329205,725000,427_bathroom.jpg,427_bedroom.jpg,427_kitchen.jpg,427_frontal.jpg
0.5361373007457887,-0.6682429077167027,-0.07586798677027908,0.36016285581329205,559000,428_bathroom.jpg,428_bedroom.jpg,428_kitchen.jpg,428_frontal.jpg
-0.32522442868062873,-0.6682429077167027,0.7848514535140583,0.36016285581329205,549000,429_bathroom.jpg,429_bedroom.jpg,429_kitchen.jpg,429_frontal.jpg
-0.32522442868062873,-0.6682429077167027,-0.6997670876974459,0.36016285581329205,449000,430_bathroom.jpg,430_bedroom.jpg,430_kitchen.jpg,430_frontal.jpg
0.5361373007457887,0.3367042620048318,1.0339211207690135,0.36016285581329205,699900,431_bathroom.jpg,431_bedroom.jpg,431_kitchen.jpg,431_frontal.jpg
-0.32522442868062873,-0.16576932285593543,0.37490727986819744,0.36016285581329205,569000,432_bathroom.jpg,432_bedroom.jpg,432_kitchen.jpg,432_frontal.jpg
0.5361373007457887,-0.6682429077167027,-0.3257542758850867,0.36016285581329205,530000,433_bathroom.jpg,433_bedroom.jpg,433_kitchen.jpg,433_frontal.jpg
-0.32522442868062873,-0.6682429077167027,-0.7985783327395757,0.36016285581329205,395000,434_bathroom.jpg,434_bedroom.jpg,434_kitchen.jpg,434_frontal.jpg
-0.32522442868062873,0.3367042620048318,0.12828747819279906,0.36016285581329205,705000,435_bathroom.jpg,435_bedroom.jpg,435_kitchen.jpg,435_frontal.jpg
-0.32522442868062873,-0.6682429077167027,-0.2204100559641384,0.36016285581329205,479000,436_bathroom.jpg,436_bedroom.jpg,436_kitchen.jpg,436_frontal.jpg
-0.32522442868062873,-0.6682429077167027,-0.35351941912006535,0.36016285581329205,309900,437_bathroom.jpg,437_bedroom.jpg,437_kitchen.jpg,437_frontal.jpg
0.5361373007457887,0.3367042620048318,1.0282047677500474,0.36016285581329205,698777,438_bathroom.jpg,438_bedroom.jpg,438_kitchen.jpg,438_frontal.jpg
-0.32522442868062873,0.3367042620048318,0.39450620450465296,0.36016285581329205,547900,439_bathroom.jpg,439_bedroom.jpg,439_kitchen.jpg,439_frontal.jpg
-0.32522442868062873,-0.6682429077167027,-0.990484469804869,0.36016285581329205,425000,440_bathroom.jpg,440_bedroom.jpg,440_kitchen.jpg,440_frontal.jpg
0.5361373007457887,0.3367042620048318,-0.6042223300947253,0.36016285581329205,639000,441_bathroom.jpg,441_bedroom.jpg,441_kitchen.jpg,441_frontal.jpg
0.5361373007457887,-0.6682429077167027,-0.5290931189883126,0.36016285581329205,494000,442_bathroom.jpg,442_bedroom.jpg,442_kitchen.jpg,442_frontal.jpg
0.5361373007457887,1.3416514317263661,0.6982895363697131,0.36016285581329205,699000,443_bathroom.jpg,443_bedroom.jpg,443_kitchen.jpg,443_frontal.jpg
1.3974990301722061,0.8391778468655989,0.7979174032716954,0.36016285581329205,639000,444_bathroom.jpg,444_bedroom.jpg,444_kitchen.jpg,444_frontal.jpg
-0.32522442868062873,0.3367042620048318,0.3553083552317419,0.36016285581329205,630000,445_bathroom.jpg,445_bedroom.jpg,445_kitchen.jpg,445_frontal.jpg
-0.32522442868062873,0.3367042620048318,-0.002372019383570948,0.36016285581329205,541000,446_bathroom.jpg,446_bedroom.jpg,446_kitchen.jpg,446_frontal.jpg
-0.32522442868062873,-0.6682429077167027,-0.248175199199117,0.36016285581329205,529000,447_bathroom.jpg,447_bedroom.jpg,447_kitchen.jpg,447_frontal.jpg
0.5361373007457887,1.3416514317263661,0.9449093380451116,0.36016285581329205,680000,448_bathroom.jpg,448_bedroom.jpg,448_kitchen.jpg,448_frontal.jpg
-1.186586158107046,-1.6731900774382371,-0.8532919973496806,0.36016285581329205,520000,449_bathroom.jpg,449_bedroom.jpg,449_kitchen.jpg,449_frontal.jpg
-0.32522442868062873,0.3367042620048318,-0.007271750542684823,0.36016285581329205,710000,450_bathroom.jpg,450_bedroom.jpg,450_kitchen.jpg,450_frontal.jpg
-0.32522442868062873,0.3367042620048318,0.3618413301105604,0.36016285581329205,599999,451_bathroom.jpg,451_bedroom.jpg,451_kitchen.jpg,451_frontal.jpg
-1.186586158107046,-0.6682429077167027,-1.0664303027711342,0.36016285581329205,445000,452_bathroom.jpg,452_bedroom.jpg,452_kitchen.jpg,452_frontal.jpg
0.5361373007457887,0.3367042620048318,0.3340761868755818,0.36016285581329205,599500,453_bathroom.jpg,453_bedroom.jpg,453_kitchen.jpg,453_frontal.jpg
-0.32522442868062873,-0.16576932285593543,-0.3053387293887789,0.36016285581329205,515000,454_bathroom.jpg,454_bedroom.jpg,454_kitchen.jpg,454_frontal.jpg
0.5361373007457887,1.3416514317263661,0.5431313829977739,0.36016285581329205,759000,455_bathroom.jpg,455_bedroom.jpg,455_kitchen.jpg,455_frontal.jpg
0.5361373007457887,-0.6682429077167027,-0.3665853688777023,0.36016285581329205,549950,456_bathroom.jpg,456_bedroom.jpg,456_kitchen.jpg,456_frontal.jpg
2.2588607595986234,2.3465986014479006,1.408750554441225,0.36016285581329205,859000,457_bathroom.jpg,457_bedroom.jpg,457_kitchen.jpg,457_frontal.jpg
-0.32522442868062873,-0.6682429077167027,-0.7879622485614955,0.3512016016254693,139900,458_bathroom.jpg,458_bedroom.jpg,458_kitchen.jpg,458_frontal.jpg
-0.32522442868062873,-0.6682429077167027,-0.3478030661010991,0.3512016016254693,575000,459_bathroom.jpg,459_bedroom.jpg,459_kitchen.jpg,459_frontal.jpg
0.5361373007457887,0.3367042620048318,-0.2016277531875352,0.3512016016254693,489900,460_bathroom.jpg,460_bedroom.jpg,460_kitchen.jpg,460_frontal.jpg
-0.32522442868062873,-0.6682429077167027,-0.3469864442412468,0.3512016016254693,530000,461_bathroom.jpg,461_bedroom.jpg,461_kitchen.jpg,461_frontal.jpg
5.7043076773042936,3.351545771169435,1.4887794967067518,0.3512016016254693,629000,462_bathroom.jpg,462_bedroom.jpg,462_kitchen.jpg,462_frontal.jpg
-0.32522442868062873,-1.1707164925774698,-1.0492812437142356,0.3512016016254693,325000,463_bathroom.jpg,463_bedroom.jpg,463_kitchen.jpg,463_frontal.jpg
-0.32522442868062873,-0.6682429077167027,-0.9757852763275274,0.3512016016254693,235000,464_bathroom.jpg,464_bedroom.jpg,464_kitchen.jpg,464_frontal.jpg
-0.32522442868062873,0.3367042620048318,0.0204933926922938,0.3512016016254693,769000,465_bathroom.jpg,465_bedroom.jpg,465_kitchen.jpg,465_frontal.jpg
-0.32522442868062873,-0.6682429077167027,-0.7316153402316861,0.3512016016254693,299900,466_bathroom.jpg,466_bedroom.jpg,466_kitchen.jpg,466_frontal.jpg
0.5361373007457887,0.3367042620048318,-0.7095665500156736,0.3512016016254693,515000,467_bathroom.jpg,467_bedroom.jpg,467_kitchen.jpg,467_frontal.jpg
0.5361373007457887,-0.16576932285593543,0.2728295473866584,0.3512016016254693,629000,468_bathroom.jpg,468_bedroom.jpg,468_kitchen.jpg,468_frontal.jpg
-0.32522442868062873,0.3367042620048318,-0.18692855971019356,0.3512016016254693,689000,469_bathroom.jpg,469_bedroom.jpg,469_kitchen.jpg,469_frontal.jpg
1.3974990301722061,-0.6682429077167027,0.14625315910954992,0.3512016016254693,599000,470_bathroom.jpg,470_bedroom.jpg,470_kitchen.jpg,470_frontal.jpg
0.5361373007457887,0.8391778468655989,-0.22449316526339996,0.3512016016254693,499000,471_bathroom.jpg,471_bedroom.jpg,471_kitchen.jpg,471_frontal.jpg
-1.186586158107046,-0.6682429077167027,-0.9120887712590471,0.3512016016254693,175000,472_bathroom.jpg,472_bedroom.jpg,472_kitchen.jpg,472_frontal.jpg
0.5361373007457887,1.3416514317263661,1.8252277029659045,0.3512016016254693,1250000,473_bathroom.jpg,473_bedroom.jpg,473_kitchen.jpg,473_frontal.jpg
-0.32522442868062873,-0.6682429077167027,-0.533176228287574,0.3512016016254693,310000,474_bathroom.jpg,474_bedroom.jpg,474_kitchen.jpg,474_frontal.jpg
-0.32522442868062873,-0.6682429077167027,-0.3633188814382931,0.3512016016254693,625000,475_bathroom.jpg,475_bedroom.jpg,475_kitchen.jpg,475_frontal.jpg
-0.32522442868062873,-0.6682429077167027,-0.5388925813065403,0.3512016016254693,499500,476_bathroom.jpg,476_bedroom.jpg,476_kitchen.jpg,476_frontal.jpg
-1.186586158107046,-0.6682429077167027,-0.5086775724920047,0.3512016016254693,975000,477_bathroom.jpg,477_bedroom.jpg,477_kitchen.jpg,477_frontal.jpg
0.5361373007457887,0.8391778468655989,0.601111535047288,0.3512016016254693,895000,478_bathroom.jpg,478_bedroom.jpg,478_kitchen.jpg,478_frontal.jpg
-1.186586158107046,-0.6682429077167027,-1.068880168350691,0.3512016016254693,179900,479_bathroom.jpg,479_bedroom.jpg,479_kitchen.jpg,479_frontal.jpg
-1.186586158107046,-0.6682429077167027,-0.9594528391304812,0.3512016016254693,739900,480_bathroom.jpg,480_bedroom.jpg,480_kitchen.jpg,480_frontal.jpg
-0.32522442868062873,-0.6682429077167027,-0.7797960299629725,0.3512016016254693,330000,481_bathroom.jpg,481_bedroom.jpg,481_kitchen.jpg,481_frontal.jpg
-0.32522442868062873,-0.6682429077167027,-0.4433478237038197,0.3512016016254693,510000,482_bathroom.jpg,482_bedroom.jpg,482_kitchen.jpg,482_frontal.jpg
-0.32522442868062873,-0.6682429077167027,-0.1362980043993502,0.3512016016254693,625000,483_bathroom.jpg,483_bedroom.jpg,483_kitchen.jpg,483_frontal.jpg
-1.186586158107046,-0.6682429077167027,-1.042748268835417,0.3512016016254693,280000,484_bathroom.jpg,484_bedroom.jpg,484_kitchen.jpg,484_frontal.jpg
-1.186586158107046,-0.6682429077167027,-1.042748268835417,0.3512016016254693,265000,485_bathroom.jpg,485_bedroom.jpg,485_kitchen.jpg,485_frontal.jpg
2.2588607595986234,2.8490721863086677,2.1518764469068294,0.3512016016254693,2200000,486_bathroom.jpg,486_bedroom.jpg,486_kitchen.jpg,486_frontal.jpg
-1.186586158107046,-0.6682429077167027,-1.042748268835417,0.3512016016254693,275000,487_bathroom.jpg,487_bedroom.jpg,487_kitchen.jpg,487_frontal.jpg
-1.186586158107046,-0.6682429077167027,-1.196273178487652,0.3512016016254693,125000,488_bathroom.jpg,488_bedroom.jpg,488_kitchen.jpg,488_frontal.jpg
-1.186586158107046,-0.6682429077167027,-0.6752684319018765,0.3512016016254693,699500,489_bathroom.jpg,489_bedroom.jpg,489_kitchen.jpg,489_frontal.jpg
-0.32522442868062873,-0.6682429077167027,-0.5919730021969406,0.3512016016254693,425000,490_bathroom.jpg,490_bedroom.jpg,490_kitchen.jpg,490_frontal.jpg
-0.32522442868062873,-0.6682429077167027,-0.20979397178605833,0.3512016016254693,439000,491_bathroom.jpg,491_bedroom.jpg,491_kitchen.jpg,491_frontal.jpg
-1.186586158107046,-1.6731900774382371,-1.2338377840408583,0.3512016016254693,179000,492_bathroom.jpg,492_bedroom.jpg,492_kitchen.jpg,492_frontal.jpg
0.5361373007457887,0.3367042620048318,0.20586655487876873,0.3512016016254693,579500,493_bathroom.jpg,493_bedroom.jpg,493_kitchen.jpg,493_frontal.jpg
2.2588607595986234,1.8441250165871335,1.6504706249575096,0.3512016016254693,759000,494_bathroom.jpg,494_bedroom.jpg,494_kitchen.jpg,494_frontal.jpg
-0.32522442868062873,-0.6682429077167027,-0.6491365323866024,0.3512016016254693,435000,495_bathroom.jpg,495_bedroom.jpg,495_kitchen.jpg,495_frontal.jpg
-1.186586158107046,-0.6682429077167027,-0.9047391745203762,0.3512016016254693,380000,496_bathroom.jpg,496_bedroom.jpg,496_kitchen.jpg,496_frontal.jpg
0.5361373007457887,-0.6682429077167027,-0.23919235874074157,0.3512016016254693,429900,497_bathroom.jpg,497_bedroom.jpg,497_kitchen.jpg,497_frontal.jpg
-1.186586158107046,-0.6682429077167027,-0.12404867650156551,0.3512016016254693,585000,498_bathroom.jpg,498_bedroom.jpg,498_kitchen.jpg,498_frontal.jpg
-0.32522442868062873,-0.16576932285593543,-0.7063000625762643,0.3512016016254693,319000,499_bathroom.jpg,499_bedroom.jpg,499_kitchen.jpg,499_frontal.jpg
0.5361373007457887,1.3416514317263661,0.5186327272022044,0.3512016016254693,1495000,500_bathroom.jpg,500_bedroom.jpg,500_kitchen.jpg,500_frontal.jpg
-0.32522442868062873,-0.6682429077167027,-0.02850391889884495,0.3512016016254693,599900,501_bathroom.jpg,501_bedroom.jpg,501_kitchen.jpg,501_frontal.jpg
-0.32522442868062873,-0.16576932285593543,-0.8377761820124866,0.3512016016254693,344900,502_bathroom.jpg,502_bedroom.jpg,502_kitchen.jpg,502_frontal.jpg
-0.32522442868062873,-0.6682429077167027,-0.7291654746521291,0.3512016016254693,309995,503_bathroom.jpg,503_bedroom.jpg,503_kitchen.jpg,503_frontal.jpg
0.5361373007457887,1.3416514317263661,0.25813035390931677,0.3512016016254693,572000,504_bathroom.jpg,504_bedroom.jpg,504_kitchen.jpg,504_frontal.jpg
-0.32522442868062873,-0.16576932285593543,-0.3510695535405084,0.26102898136050295,695000,505_bathroom.jpg,505_bedroom.jpg,505_kitchen.jpg,505_frontal.jpg
-0.32522442868062873,-0.6682429077167027,-0.7299820965119814,0.26102898136050295,525000,506_bathroom.jpg,506_bedroom.jpg,506_kitchen.jpg,506_frontal.jpg
-0.32522442868062873,-0.6682429077167027,-0.9120887712590471,0.26102898136050295,78000,507_bathroom.jpg,507_bedroom.jpg,507_kitchen.jpg,507_frontal.jpg
-0.32522442868062873,-1.1707164925774698,-0.9398539144940257,0.26102898136050295,424900,508_bathroom.jpg,508_bedroom.jpg,508_kitchen.jpg,508_frontal.jpg
0.5361373007457887,0.3367042620048318,-0.39435051211268096,0.26102898136050295,825000,509_bathroom.jpg,509_bedroom.jpg,509_kitchen.jpg,509_frontal.jpg
-1.186586158107046,-0.16576932285593543,-1.1252270766805006,0.26102898136050295,475000,510_bathroom.jpg,510_bedroom.jpg,510_kitchen.jpg,510_frontal.jpg
0.5361373007457887,0.3367042620048318,-0.6197381454319192,0.26102898136050295,850000,511_bathroom.jpg,511_bedroom.jpg,511_kitchen.jpg,511_frontal.jpg
-0.32522442868062873,-0.16576932285593543,-0.6622024821442395,0.26102898136050295,409900,512_bathroom.jpg,512_bedroom.jpg,512_kitchen.jpg,512_frontal.jpg
-0.32522442868062873,-0.16576932285593543,-0.5290931189883126,0.26102898136050295,540000,513_bathroom.jpg,513_bedroom.jpg,513_kitchen.jpg,513_frontal.jpg
0.5361373007457887,-0.6682429077167027,-0.7267156090725722,0.5031228640284018,385000,514_bathroom.jpg,514_bedroom.jpg,514_kitchen.jpg,514_frontal.jpg
-0.32522442868062873,-0.6682429077167027,-1.0721466557901003,0.5031228640284018,195000,515_bathroom.jpg,515_bedroom.jpg,515_kitchen.jpg,515_frontal.jpg
0.5361373007457887,0.3367042620048318,-0.00972161612224176,0.5031228640284018,458000,516_bathroom.jpg,516_bedroom.jpg,516_kitchen.jpg,516_frontal.jpg
0.5361373007457887,-0.16576932285593543,0.0466252922075678,0.5031228640284018,468000,517_bathroom.jpg,517_bedroom.jpg,517_kitchen.jpg,517_frontal.jpg
-0.32522442868062873,-0.16576932285593543,0.23281507625389505,0.5031228640284018,458000,518_bathroom.jpg,518_bedroom.jpg,518_kitchen.jpg,518_frontal.jpg
0.5361373007457887,-0.16576932285593543,-0.4359982269651489,0.5031228640284018,389000,519_bathroom.jpg,519_bedroom.jpg,519_kitchen.jpg,519_frontal.jpg
0.5361373007457887,-0.6682429077167027,-0.0252374314594357,0.5031228640284018,460000,520_bathroom.jpg,520_bedroom.jpg,520_kitchen.jpg,520_frontal.jpg
1.3974990301722061,0.3367042620048318,-0.15181381973654415,0.5031228640284018,430000,521_bathroom.jpg,521_bedroom.jpg,521_kitchen.jpg,521_frontal.jpg
0.5361373007457887,-0.16576932285593543,-0.5740073212801897,0.5031228640284018,329900,522_bathroom.jpg,522_bedroom.jpg,522_kitchen.jpg,522_frontal.jpg
0.5361373007457887,0.3367042620048318,-0.48989526971540154,0.5031228640284018,349900,523_bathroom.jpg,523_bedroom.jpg,523_kitchen.jpg,523_frontal.jpg
-0.32522442868062873,-0.6682429077167027,-0.2881896703318803,0.5031228640284018,454999,524_bathroom.jpg,524_bedroom.jpg,524_kitchen.jpg,524_frontal.jpg
3.120222489025041,1.3416514317263661,1.2299103671335687,0.5031228640284018,569950,525_bathroom.jpg,525_bedroom.jpg,525_kitchen.jpg,525_frontal.jpg
1.3974990301722061,0.3367042620048318,1.0731189700419246,0.5031228640284018,525000,526_bathroom.jpg,526_bedroom.jpg,526_kitchen.jpg,526_frontal.jpg
0.5361373007457887,-0.16576932285593543,-0.46621323577968443,0.5031228640284018,380000,527_bathroom.jpg,527_bedroom.jpg,527_kitchen.jpg,527_frontal.jpg
0.5361373007457887,0.8391778468655989,0.8616139083401757,0.5031228640284018,550000,528_bathroom.jpg,528_bedroom.jpg,528_kitchen.jpg,528_frontal.jpg
0.5361373007457887,0.3367042620048318,0.11522152843516205,0.5031228640284018,449950,529_bathroom.jpg,529_bedroom.jpg,529_kitchen.jpg,529_frontal.jpg
0.5361373007457887,-0.16576932285593543,-0.10526637372496232,0.5031228640284018,495000,530_bathroom.jpg,530_bedroom.jpg,530_kitchen.jpg,530_frontal.jpg
1.3974990301722061,-0.6682429077167027,-0.24409208989985545,0.5031228640284018,399900,531_bathroom.jpg,531_bedroom.jpg,531_kitchen.jpg,531_frontal.jpg
0.5361373007457887,0.8391778468655989,5.856073203196919,0.5031228640284018,460000,532_bathroom.jpg,532_bedroom.jpg,532_kitchen.jpg,532_frontal.jpg
-0.32522442868062873,-0.6682429077167027,-0.28655642661217573,0.5031228640284018,407000,533_bathroom.jpg,533_bedroom.jpg,533_kitchen.jpg,533_frontal.jpg
0.5361373007457887,0.3367042620048318,-0.04320311237618658,0.5031228640284018,419000,534_bathroom.jpg,534_bedroom.jpg,534_kitchen.jpg,534_frontal.jpg
1.3974990301722061,0.3367042620048318,1.1686637276446452,0.5031228640284018,615000,535_bathroom.jpg,535_bedroom.jpg,535_kitchen.jpg,535_frontal.jpg
